CI,Nombres,"Apellido Paterno","Apellido Materno",Email,Sexo,Colegio,Ciudad,Carrera,"Monto Pago","Metodo Pago","Nro Recibo",Materia,Grupo,"CI Docente","Nombre Docente","Apellido Docente","Profesion Docente","Nota P1","Nota P2","Nota P3","Promedio Final","Estado Materia"
9000000,Maria,Fernandez,Martinez,maria.fernandez.9000000@test.com,F,"Don Bosco",Potosi,"Ingenieria Informatica",700,"Transferencia Bancaria",REC-TEST-9000000,MAT100,M003,9500008,Carmen,Rodriguez,"Licenciado en Matematicas",2,22,29,53,Reprobado
9000000,Maria,Fernandez,Martinez,maria.fernandez.9000000@test.com,F,"Don Bosco",Potosi,"Ingenieria Informatica",700,"Transferencia Bancaria",REC-TEST-9000000,FIS100,M003,9500009,Gabriela,Rodriguez,Fisico,11,28,23,62,Aprobado
9000000,Maria,Fernandez,Martinez,maria.fernandez.9000000@test.com,F,"Don Bosco",Potosi,"Ingenieria Informatica",700,"Transferencia Bancaria",REC-TEST-9000000,INF100,M003,9500010,Daniela,Gomez,"Ingeniero Informatico",26,30,20,76,Aprobado
9000000,Maria,Fernandez,Martinez,maria.fernandez.9000000@test.com,F,"Don Bosco",Potosi,"Ingenieria Informatica",700,"Transferencia Bancaria",REC-TEST-9000000,LIN100,M003,9500011,Ricardo,Sanchez,"Licenciado en Filologia",13,19,5,37,Reprobado
9000001,Marta,Perez,Rojas,marta.perez.9000001@test.com,F,Uboldi,Cochabamba,"Ingenieria Informatica",700,PayPal,REC-TEST-9000001,MAT100,N001,9500016,Gabriela,Lopez,"Licenciado en Matematicas",30,9,0,39,Reprobado
9000001,Marta,Perez,Rojas,marta.perez.9000001@test.com,F,Uboldi,Cochabamba,"Ingenieria Informatica",700,PayPal,REC-TEST-9000001,FIS100,N001,9500017,Valeria,Ramirez,Fisico,14,9,25,48,Reprobado
9000001,Marta,Perez,Rojas,marta.perez.9000001@test.com,F,Uboldi,Cochabamba,"Ingenieria Informatica",700,PayPal,REC-TEST-9000001,INF100,N001,9500018,Ana,Lopez,"Ingeniero Informatico",6,32,10,48,Reprobado
9000001,Marta,Perez,Rojas,marta.perez.9000001@test.com,F,Uboldi,Cochabamba,"Ingenieria Informatica",700,PayPal,REC-TEST-9000001,LIN100,N001,9500019,Jose,Fernandez,"Licenciado en Filologia",4,6,0,10,Reprobado
9000002,Andres,Ramirez,Garcia,andres.ramirez.9000002@test.com,M,Marista,Potosi,"Ingenieria de Sistemas",700,"Transferencia Bancaria",REC-TEST-9000002,MAT100,M003,9500008,Carmen,Rodriguez,"Licenciado en Matematicas",32,4,4,40,Reprobado
9000002,Andres,Ramirez,Garcia,andres.ramirez.9000002@test.com,M,Marista,Potosi,"Ingenieria de Sistemas",700,"Transferencia Bancaria",REC-TEST-9000002,FIS100,M003,9500009,Gabriela,Rodriguez,Fisico,18,14,21,53,Reprobado
9000002,Andres,Ramirez,Garcia,andres.ramirez.9000002@test.com,M,Marista,Potosi,"Ingenieria de Sistemas",700,"Transferencia Bancaria",REC-TEST-9000002,INF100,M003,9500010,Daniela,Gomez,"Ingeniero Informatico",12,14,34,60,Aprobado
9000002,Andres,Ramirez,Garcia,andres.ramirez.9000002@test.com,M,Marista,Potosi,"Ingenieria de Sistemas",700,"Transferencia Bancaria",REC-TEST-9000002,LIN100,M003,9500011,Ricardo,Sanchez,"Licenciado en Filologia",17,31,11,59,Reprobado
9000003,Juan,Rodriguez,Ramirez,juan.rodriguez.9000003@test.com,M,"Nacional Florida",Tarija,"Ingenieria en Redes",700,"Stripe (Tarjetas)",REC-TEST-9000003,MAT100,M002,9500004,Luis,Sanchez,"Licenciado en Matematicas",15,16,7,38,Reprobado
9000003,Juan,Rodriguez,Ramirez,juan.rodriguez.9000003@test.com,M,"Nacional Florida",Tarija,"Ingenieria en Redes",700,"Stripe (Tarjetas)",REC-TEST-9000003,FIS100,M002,9500005,Luis,Rodriguez,Fisico,30,12,8,50,Reprobado
9000003,Juan,Rodriguez,Ramirez,juan.rodriguez.9000003@test.com,M,"Nacional Florida",Tarija,"Ingenieria en Redes",700,"Stripe (Tarjetas)",REC-TEST-9000003,INF100,M002,9500006,Ricardo,Ramirez,"Ingeniero Informatico",9,20,17,46,Reprobado
9000003,Juan,Rodriguez,Ramirez,juan.rodriguez.9000003@test.com,M,"Nacional Florida",Tarija,"Ingenieria en Redes",700,"Stripe (Tarjetas)",REC-TEST-9000003,LIN100,M002,9500007,Pedro,Lopez,"Licenciado en Filologia",4,26,21,51,Reprobado
9000004,Ana,Lopez,Ramirez,ana.lopez.9000004@test.com,F,Uboldi,Pando,"Ingenieria en Redes",700,"Stripe (Tarjetas)",REC-TEST-9000004,MAT100,M001,9500000,Marta,Gomez,"Licenciado en Matematicas",20,30,1,51,Reprobado
9000004,Ana,Lopez,Ramirez,ana.lopez.9000004@test.com,F,Uboldi,Pando,"Ingenieria en Redes",700,"Stripe (Tarjetas)",REC-TEST-9000004,FIS100,M001,9500001,Ana,Rojas,Fisico,2,8,3,13,Reprobado
9000004,Ana,Lopez,Ramirez,ana.lopez.9000004@test.com,F,Uboldi,Pando,"Ingenieria en Redes",700,"Stripe (Tarjetas)",REC-TEST-9000004,INF100,M001,9500002,Fernando,Perez,"Ingeniero Informatico",29,1,9,39,Reprobado
9000004,Ana,Lopez,Ramirez,ana.lopez.9000004@test.com,F,Uboldi,Pando,"Ingenieria en Redes",700,"Stripe (Tarjetas)",REC-TEST-9000004,LIN100,M001,9500003,Daniela,Vargas,"Licenciado en Filologia",28,30,6,64,Aprobado
9000005,Diego,Rodriguez,Garcia,diego.rodriguez.9000005@test.com,M,"Domingo Savio",Oruro,"Ingenieria en Redes",700,"Stripe (Tarjetas)",REC-TEST-9000005,MAT100,M001,9500000,Marta,Gomez,"Licenciado en Matematicas",17,18,34,69,Aprobado
9000005,Diego,Rodriguez,Garcia,diego.rodriguez.9000005@test.com,M,"Domingo Savio",Oruro,"Ingenieria en Redes",700,"Stripe (Tarjetas)",REC-TEST-9000005,FIS100,M001,9500001,Ana,Rojas,Fisico,33,8,4,45,Reprobado
9000005,Diego,Rodriguez,Garcia,diego.rodriguez.9000005@test.com,M,"Domingo Savio",Oruro,"Ingenieria en Redes",700,"Stripe (Tarjetas)",REC-TEST-9000005,INF100,M001,9500002,Fernando,Perez,"Ingeniero Informatico",26,17,5,48,Reprobado
9000005,Diego,Rodriguez,Garcia,diego.rodriguez.9000005@test.com,M,"Domingo Savio",Oruro,"Ingenieria en Redes",700,"Stripe (Tarjetas)",REC-TEST-9000005,LIN100,M001,9500003,Daniela,Vargas,"Licenciado en Filologia",27,22,13,62,Aprobado
9000006,Roberto,Fernandez,Perez,roberto.fernandez.9000006@test.com,M,"Domingo Savio","La Paz","Ingenieria Informatica",700,"Transferencia Bancaria",REC-TEST-9000006,MAT100,N001,9500016,Gabriela,Lopez,"Licenciado en Matematicas",16,18,25,59,Reprobado
9000006,Roberto,Fernandez,Perez,roberto.fernandez.9000006@test.com,M,"Domingo Savio","La Paz","Ingenieria Informatica",700,"Transferencia Bancaria",REC-TEST-9000006,FIS100,N001,9500017,Valeria,Ramirez,Fisico,22,32,8,62,Aprobado
9000006,Roberto,Fernandez,Perez,roberto.fernandez.9000006@test.com,M,"Domingo Savio","La Paz","Ingenieria Informatica",700,"Transferencia Bancaria",REC-TEST-9000006,INF100,N001,9500018,Ana,Lopez,"Ingeniero Informatico",14,27,6,47,Reprobado
9000006,Roberto,Fernandez,Perez,roberto.fernandez.9000006@test.com,M,"Domingo Savio","La Paz","Ingenieria Informatica",700,"Transferencia Bancaria",REC-TEST-9000006,LIN100,N001,9500019,Jose,Fernandez,"Licenciado en Filologia",7,24,30,61,Aprobado
9000007,Marta,Rojas,Ramirez,marta.rojas.9000007@test.com,F,Evangelico,Cochabamba,"Ingenieria de Sistemas",700,"Transferencia Bancaria",REC-TEST-9000007,MAT100,M001,9500000,Marta,Gomez,"Licenciado en Matematicas",2,20,5,27,Reprobado
9000007,Marta,Rojas,Ramirez,marta.rojas.9000007@test.com,F,Evangelico,Cochabamba,"Ingenieria de Sistemas",700,"Transferencia Bancaria",REC-TEST-9000007,FIS100,M001,9500001,Ana,Rojas,Fisico,9,23,9,41,Reprobado
9000007,Marta,Rojas,Ramirez,marta.rojas.9000007@test.com,F,Evangelico,Cochabamba,"Ingenieria de Sistemas",700,"Transferencia Bancaria",REC-TEST-9000007,INF100,M001,9500002,Fernando,Perez,"Ingeniero Informatico",28,32,19,79,Aprobado
9000007,Marta,Rojas,Ramirez,marta.rojas.9000007@test.com,F,Evangelico,Cochabamba,"Ingenieria de Sistemas",700,"Transferencia Bancaria",REC-TEST-9000007,LIN100,M001,9500003,Daniela,Vargas,"Licenciado en Filologia",14,2,11,27,Reprobado
9000008,Pedro,Gomez,Rojas,pedro.gomez.9000008@test.com,M,"Domingo Savio","Santa Cruz","Ingenieria en Redes",700,"Stripe (Tarjetas)",REC-TEST-9000008,MAT100,T001,9500012,Sofia,Lopez,"Licenciado en Matematicas",17,17,31,65,Aprobado
9000008,Pedro,Gomez,Rojas,pedro.gomez.9000008@test.com,M,"Domingo Savio","Santa Cruz","Ingenieria en Redes",700,"Stripe (Tarjetas)",REC-TEST-9000008,FIS100,T001,9500013,Laura,Lopez,Fisico,20,10,24,54,Reprobado
9000008,Pedro,Gomez,Rojas,pedro.gomez.9000008@test.com,M,"Domingo Savio","Santa Cruz","Ingenieria en Redes",700,"Stripe (Tarjetas)",REC-TEST-9000008,INF100,T001,9500014,Marta,Garcia,"Ingeniero Informatico",33,18,4,55,Reprobado
9000008,Pedro,Gomez,Rojas,pedro.gomez.9000008@test.com,M,"Domingo Savio","Santa Cruz","Ingenieria en Redes",700,"Stripe (Tarjetas)",REC-TEST-9000008,LIN100,T001,9500015,Andres,Torres,"Licenciado en Filologia",8,9,29,46,Reprobado
9000009,Valeria,Fernandez,Lopez,valeria.fernandez.9000009@test.com,F,Espana,Potosi,"Ingenieria Informatica",700,PayPal,REC-TEST-9000009,MAT100,T001,9500012,Sofia,Lopez,"Licenciado en Matematicas",15,6,19,40,Reprobado
9000009,Valeria,Fernandez,Lopez,valeria.fernandez.9000009@test.com,F,Espana,Potosi,"Ingenieria Informatica",700,PayPal,REC-TEST-9000009,FIS100,T001,9500013,Laura,Lopez,Fisico,0,1,12,13,Reprobado
9000009,Valeria,Fernandez,Lopez,valeria.fernandez.9000009@test.com,F,Espana,Potosi,"Ingenieria Informatica",700,PayPal,REC-TEST-9000009,INF100,T001,9500014,Marta,Garcia,"Ingeniero Informatico",22,22,2,46,Reprobado
9000009,Valeria,Fernandez,Lopez,valeria.fernandez.9000009@test.com,F,Espana,Potosi,"Ingenieria Informatica",700,PayPal,REC-TEST-9000009,LIN100,T001,9500015,Andres,Torres,"Licenciado en Filologia",3,9,20,32,Reprobado
9000010,Andres,Rojas,Torres,andres.rojas.9000010@test.com,M,"Domingo Savio","Santa Cruz","Ingenieria en Redes",700,PayPal,REC-TEST-9000010,MAT100,T001,9500012,Sofia,Lopez,"Licenciado en Matematicas",31,23,16,70,Aprobado
9000010,Andres,Rojas,Torres,andres.rojas.9000010@test.com,M,"Domingo Savio","Santa Cruz","Ingenieria en Redes",700,PayPal,REC-TEST-9000010,FIS100,T001,9500013,Laura,Lopez,Fisico,9,30,25,64,Aprobado
9000010,Andres,Rojas,Torres,andres.rojas.9000010@test.com,M,"Domingo Savio","Santa Cruz","Ingenieria en Redes",700,PayPal,REC-TEST-9000010,INF100,T001,9500014,Marta,Garcia,"Ingeniero Informatico",29,29,22,80,Aprobado
9000010,Andres,Rojas,Torres,andres.rojas.9000010@test.com,M,"Domingo Savio","Santa Cruz","Ingenieria en Redes",700,PayPal,REC-TEST-9000010,LIN100,T001,9500015,Andres,Torres,"Licenciado en Filologia",19,27,29,75,Aprobado
9000011,Maria,Martinez,Garcia,maria.martinez.9000011@test.com,F,"Don Bosco",Pando,"Ingenieria de Sistemas",700,PayPal,REC-TEST-9000011,MAT100,M003,9500008,Carmen,Rodriguez,"Licenciado en Matematicas",23,5,20,48,Reprobado
9000011,Maria,Martinez,Garcia,maria.martinez.9000011@test.com,F,"Don Bosco",Pando,"Ingenieria de Sistemas",700,PayPal,REC-TEST-9000011,FIS100,M003,9500009,Gabriela,Rodriguez,Fisico,21,32,30,83,Aprobado
9000011,Maria,Martinez,Garcia,maria.martinez.9000011@test.com,F,"Don Bosco",Pando,"Ingenieria de Sistemas",700,PayPal,REC-TEST-9000011,INF100,M003,9500010,Daniela,Gomez,"Ingeniero Informatico",13,30,23,66,Aprobado
9000011,Maria,Martinez,Garcia,maria.martinez.9000011@test.com,F,"Don Bosco",Pando,"Ingenieria de Sistemas",700,PayPal,REC-TEST-9000011,LIN100,M003,9500011,Ricardo,Sanchez,"Licenciado en Filologia",4,31,27,62,Aprobado
9000012,Daniela,Rojas,Garcia,daniela.rojas.9000012@test.com,F,"Nacional Florida",Tarija,"Ingenieria de Sistemas",700,PayPal,REC-TEST-9000012,MAT100,N001,9500016,Gabriela,Lopez,"Licenciado en Matematicas",7,1,3,11,Reprobado
9000012,Daniela,Rojas,Garcia,daniela.rojas.9000012@test.com,F,"Nacional Florida",Tarija,"Ingenieria de Sistemas",700,PayPal,REC-TEST-9000012,FIS100,N001,9500017,Valeria,Ramirez,Fisico,2,15,4,21,Reprobado
9000012,Daniela,Rojas,Garcia,daniela.rojas.9000012@test.com,F,"Nacional Florida",Tarija,"Ingenieria de Sistemas",700,PayPal,REC-TEST-9000012,INF100,N001,9500018,Ana,Lopez,"Ingeniero Informatico",3,25,5,33,Reprobado
9000012,Daniela,Rojas,Garcia,daniela.rojas.9000012@test.com,F,"Nacional Florida",Tarija,"Ingenieria de Sistemas",700,PayPal,REC-TEST-9000012,LIN100,N001,9500019,Jose,Fernandez,"Licenciado en Filologia",11,6,18,35,Reprobado
9000013,Sofia,Vargas,Sanchez,sofia.vargas.9000013@test.com,F,"Nacional Florida",Cochabamba,"Ingenieria Informatica",700,"Transferencia Bancaria",REC-TEST-9000013,MAT100,M002,9500004,Luis,Sanchez,"Licenciado en Matematicas",29,20,27,76,Aprobado
9000013,Sofia,Vargas,Sanchez,sofia.vargas.9000013@test.com,F,"Nacional Florida",Cochabamba,"Ingenieria Informatica",700,"Transferencia Bancaria",REC-TEST-9000013,FIS100,M002,9500005,Luis,Rodriguez,Fisico,30,8,3,41,Reprobado
9000013,Sofia,Vargas,Sanchez,sofia.vargas.9000013@test.com,F,"Nacional Florida",Cochabamba,"Ingenieria Informatica",700,"Transferencia Bancaria",REC-TEST-9000013,INF100,M002,9500006,Ricardo,Ramirez,"Ingeniero Informatico",1,4,1,6,Reprobado
9000013,Sofia,Vargas,Sanchez,sofia.vargas.9000013@test.com,F,"Nacional Florida",Cochabamba,"Ingenieria Informatica",700,"Transferencia Bancaria",REC-TEST-9000013,LIN100,M002,9500007,Pedro,Lopez,"Licenciado en Filologia",19,15,30,64,Aprobado
9000014,Luis,Vargas,Lopez,luis.vargas.9000014@test.com,M,"Nacional Florida",Tarija,"Ingenieria Informatica",700,PayPal,REC-TEST-9000014,MAT100,M003,9500008,Carmen,Rodriguez,"Licenciado en Matematicas",26,25,5,56,Reprobado
9000014,Luis,Vargas,Lopez,luis.vargas.9000014@test.com,M,"Nacional Florida",Tarija,"Ingenieria Informatica",700,PayPal,REC-TEST-9000014,FIS100,M003,9500009,Gabriela,Rodriguez,Fisico,10,33,8,51,Reprobado
9000014,Luis,Vargas,Lopez,luis.vargas.9000014@test.com,M,"Nacional Florida",Tarija,"Ingenieria Informatica",700,PayPal,REC-TEST-9000014,INF100,M003,9500010,Daniela,Gomez,"Ingeniero Informatico",13,6,23,42,Reprobado
9000014,Luis,Vargas,Lopez,luis.vargas.9000014@test.com,M,"Nacional Florida",Tarija,"Ingenieria Informatica",700,PayPal,REC-TEST-9000014,LIN100,M003,9500011,Ricardo,Sanchez,"Licenciado en Filologia",4,2,20,26,Reprobado
9000015,Ana,Vargas,Vargas,ana.vargas.9000015@test.com,F,"Domingo Savio","Santa Cruz","Ingenieria en Redes",700,"Transferencia Bancaria",REC-TEST-9000015,MAT100,N001,9500016,Gabriela,Lopez,"Licenciado en Matematicas",21,15,8,44,Reprobado
9000015,Ana,Vargas,Vargas,ana.vargas.9000015@test.com,F,"Domingo Savio","Santa Cruz","Ingenieria en Redes",700,"Transferencia Bancaria",REC-TEST-9000015,FIS100,N001,9500017,Valeria,Ramirez,Fisico,3,10,33,46,Reprobado
9000015,Ana,Vargas,Vargas,ana.vargas.9000015@test.com,F,"Domingo Savio","Santa Cruz","Ingenieria en Redes",700,"Transferencia Bancaria",REC-TEST-9000015,INF100,N001,9500018,Ana,Lopez,"Ingeniero Informatico",16,26,33,75,Aprobado
9000015,Ana,Vargas,Vargas,ana.vargas.9000015@test.com,F,"Domingo Savio","Santa Cruz","Ingenieria en Redes",700,"Transferencia Bancaria",REC-TEST-9000015,LIN100,N001,9500019,Jose,Fernandez,"Licenciado en Filologia",7,4,6,17,Reprobado
9000016,Marta,Perez,Fernandez,marta.perez.9000016@test.com,F,"Nacional Florida",Tarija,"Ingenieria Informatica",700,"Transferencia Bancaria",REC-TEST-9000016,MAT100,N001,9500016,Gabriela,Lopez,"Licenciado en Matematicas",14,28,0,42,Reprobado
9000016,Marta,Perez,Fernandez,marta.perez.9000016@test.com,F,"Nacional Florida",Tarija,"Ingenieria Informatica",700,"Transferencia Bancaria",REC-TEST-9000016,FIS100,N001,9500017,Valeria,Ramirez,Fisico,27,12,33,72,Aprobado
9000016,Marta,Perez,Fernandez,marta.perez.9000016@test.com,F,"Nacional Florida",Tarija,"Ingenieria Informatica",700,"Transferencia Bancaria",REC-TEST-9000016,INF100,N001,9500018,Ana,Lopez,"Ingeniero Informatico",10,29,32,71,Aprobado
9000016,Marta,Perez,Fernandez,marta.perez.9000016@test.com,F,"Nacional Florida",Tarija,"Ingenieria Informatica",700,"Transferencia Bancaria",REC-TEST-9000016,LIN100,N001,9500019,Jose,Fernandez,"Licenciado en Filologia",0,16,34,50,Reprobado
9000017,Diego,Sanchez,Vargas,diego.sanchez.9000017@test.com,M,Marista,Beni,"Ingenieria en Redes",700,"Transferencia Bancaria",REC-TEST-9000017,MAT100,N001,9500016,Gabriela,Lopez,"Licenciado en Matematicas",8,31,9,48,Reprobado
9000017,Diego,Sanchez,Vargas,diego.sanchez.9000017@test.com,M,Marista,Beni,"Ingenieria en Redes",700,"Transferencia Bancaria",REC-TEST-9000017,FIS100,N001,9500017,Valeria,Ramirez,Fisico,25,25,12,62,Aprobado
9000017,Diego,Sanchez,Vargas,diego.sanchez.9000017@test.com,M,Marista,Beni,"Ingenieria en Redes",700,"Transferencia Bancaria",REC-TEST-9000017,INF100,N001,9500018,Ana,Lopez,"Ingeniero Informatico",28,20,13,61,Aprobado
9000017,Diego,Sanchez,Vargas,diego.sanchez.9000017@test.com,M,Marista,Beni,"Ingenieria en Redes",700,"Transferencia Bancaria",REC-TEST-9000017,LIN100,N001,9500019,Jose,Fernandez,"Licenciado en Filologia",6,31,12,49,Reprobado
9000018,Fernando,Perez,Martinez,fernando.perez.9000018@test.com,M,Espana,Sucre,"Ingenieria Informatica",700,"Transferencia Bancaria",REC-TEST-9000018,MAT100,M001,9500000,Marta,Gomez,"Licenciado en Matematicas",10,5,34,49,Reprobado
9000018,Fernando,Perez,Martinez,fernando.perez.9000018@test.com,M,Espana,Sucre,"Ingenieria Informatica",700,"Transferencia Bancaria",REC-TEST-9000018,FIS100,M001,9500001,Ana,Rojas,Fisico,32,9,5,46,Reprobado
9000018,Fernando,Perez,Martinez,fernando.perez.9000018@test.com,M,Espana,Sucre,"Ingenieria Informatica",700,"Transferencia Bancaria",REC-TEST-9000018,INF100,M001,9500002,Fernando,Perez,"Ingeniero Informatico",5,2,29,36,Reprobado
9000018,Fernando,Perez,Martinez,fernando.perez.9000018@test.com,M,Espana,Sucre,"Ingenieria Informatica",700,"Transferencia Bancaria",REC-TEST-9000018,LIN100,M001,9500003,Daniela,Vargas,"Licenciado en Filologia",22,28,18,68,Aprobado
9000019,Daniela,Rojas,Garcia,daniela.rojas.9000019@test.com,F,Espana,Cochabamba,"Ingenieria de Sistemas",700,"Transferencia Bancaria",REC-TEST-9000019,MAT100,T001,9500012,Sofia,Lopez,"Licenciado en Matematicas",8,25,16,49,Reprobado
9000019,Daniela,Rojas,Garcia,daniela.rojas.9000019@test.com,F,Espana,Cochabamba,"Ingenieria de Sistemas",700,"Transferencia Bancaria",REC-TEST-9000019,FIS100,T001,9500013,Laura,Lopez,Fisico,33,3,15,51,Reprobado
9000019,Daniela,Rojas,Garcia,daniela.rojas.9000019@test.com,F,Espana,Cochabamba,"Ingenieria de Sistemas",700,"Transferencia Bancaria",REC-TEST-9000019,INF100,T001,9500014,Marta,Garcia,"Ingeniero Informatico",2,10,11,23,Reprobado
9000019,Daniela,Rojas,Garcia,daniela.rojas.9000019@test.com,F,Espana,Cochabamba,"Ingenieria de Sistemas",700,"Transferencia Bancaria",REC-TEST-9000019,LIN100,T001,9500015,Andres,Torres,"Licenciado en Filologia",15,24,3,42,Reprobado
9000020,Daniela,Garcia,Gomez,daniela.garcia.9000020@test.com,F,Uboldi,Oruro,"Ingenieria Informatica",700,"Transferencia Bancaria",REC-TEST-9000020,MAT100,M003,9500008,Carmen,Rodriguez,"Licenciado en Matematicas",30,26,33,89,Aprobado
9000020,Daniela,Garcia,Gomez,daniela.garcia.9000020@test.com,F,Uboldi,Oruro,"Ingenieria Informatica",700,"Transferencia Bancaria",REC-TEST-9000020,FIS100,M003,9500009,Gabriela,Rodriguez,Fisico,12,2,14,28,Reprobado
9000020,Daniela,Garcia,Gomez,daniela.garcia.9000020@test.com,F,Uboldi,Oruro,"Ingenieria Informatica",700,"Transferencia Bancaria",REC-TEST-9000020,INF100,M003,9500010,Daniela,Gomez,"Ingeniero Informatico",2,31,20,53,Reprobado
9000020,Daniela,Garcia,Gomez,daniela.garcia.9000020@test.com,F,Uboldi,Oruro,"Ingenieria Informatica",700,"Transferencia Bancaria",REC-TEST-9000020,LIN100,M003,9500011,Ricardo,Sanchez,"Licenciado en Filologia",26,14,16,56,Reprobado
9000021,Diego,Martinez,Rodriguez,diego.martinez.9000021@test.com,M,"Don Bosco",Tarija,"Ingenieria Informatica",700,"Transferencia Bancaria",REC-TEST-9000021,MAT100,M003,9500008,Carmen,Rodriguez,"Licenciado en Matematicas",13,12,2,27,Reprobado
9000021,Diego,Martinez,Rodriguez,diego.martinez.9000021@test.com,M,"Don Bosco",Tarija,"Ingenieria Informatica",700,"Transferencia Bancaria",REC-TEST-9000021,FIS100,M003,9500009,Gabriela,Rodriguez,Fisico,18,7,19,44,Reprobado
9000021,Diego,Martinez,Rodriguez,diego.martinez.9000021@test.com,M,"Don Bosco",Tarija,"Ingenieria Informatica",700,"Transferencia Bancaria",REC-TEST-9000021,INF100,M003,9500010,Daniela,Gomez,"Ingeniero Informatico",21,4,33,58,Reprobado
9000021,Diego,Martinez,Rodriguez,diego.martinez.9000021@test.com,M,"Don Bosco",Tarija,"Ingenieria Informatica",700,"Transferencia Bancaria",REC-TEST-9000021,LIN100,M003,9500011,Ricardo,Sanchez,"Licenciado en Filologia",26,1,28,55,Reprobado
9000022,Miguel,Fernandez,Lopez,miguel.fernandez.9000022@test.com,M,Uboldi,Cochabamba,"Ingenieria Informatica",700,PayPal,REC-TEST-9000022,MAT100,N001,9500016,Gabriela,Lopez,"Licenciado en Matematicas",16,12,32,60,Aprobado
9000022,Miguel,Fernandez,Lopez,miguel.fernandez.9000022@test.com,M,Uboldi,Cochabamba,"Ingenieria Informatica",700,PayPal,REC-TEST-9000022,FIS100,N001,9500017,Valeria,Ramirez,Fisico,0,31,29,60,Aprobado
9000022,Miguel,Fernandez,Lopez,miguel.fernandez.9000022@test.com,M,Uboldi,Cochabamba,"Ingenieria Informatica",700,PayPal,REC-TEST-9000022,INF100,N001,9500018,Ana,Lopez,"Ingeniero Informatico",10,33,19,62,Aprobado
9000022,Miguel,Fernandez,Lopez,miguel.fernandez.9000022@test.com,M,Uboldi,Cochabamba,"Ingenieria Informatica",700,PayPal,REC-TEST-9000022,LIN100,N001,9500019,Jose,Fernandez,"Licenciado en Filologia",11,28,0,39,Reprobado
9000023,Sofia,Perez,Sanchez,sofia.perez.9000023@test.com,F,Espana,Sucre,"Ingenieria en Redes",700,PayPal,REC-TEST-9000023,MAT100,T001,9500012,Sofia,Lopez,"Licenciado en Matematicas",24,13,29,66,Aprobado
9000023,Sofia,Perez,Sanchez,sofia.perez.9000023@test.com,F,Espana,Sucre,"Ingenieria en Redes",700,PayPal,REC-TEST-9000023,FIS100,T001,9500013,Laura,Lopez,Fisico,14,20,21,55,Reprobado
9000023,Sofia,Perez,Sanchez,sofia.perez.9000023@test.com,F,Espana,Sucre,"Ingenieria en Redes",700,PayPal,REC-TEST-9000023,INF100,T001,9500014,Marta,Garcia,"Ingeniero Informatico",3,16,4,23,Reprobado
9000023,Sofia,Perez,Sanchez,sofia.perez.9000023@test.com,F,Espana,Sucre,"Ingenieria en Redes",700,PayPal,REC-TEST-9000023,LIN100,T001,9500015,Andres,Torres,"Licenciado en Filologia",13,9,33,55,Reprobado
9000024,Laura,Rodriguez,Ramirez,laura.rodriguez.9000024@test.com,F,"La Salle",Pando,"Ingenieria de Sistemas",700,PayPal,REC-TEST-9000024,MAT100,N001,9500016,Gabriela,Lopez,"Licenciado en Matematicas",17,4,34,55,Reprobado
9000024,Laura,Rodriguez,Ramirez,laura.rodriguez.9000024@test.com,F,"La Salle",Pando,"Ingenieria de Sistemas",700,PayPal,REC-TEST-9000024,FIS100,N001,9500017,Valeria,Ramirez,Fisico,20,33,23,76,Aprobado
9000024,Laura,Rodriguez,Ramirez,laura.rodriguez.9000024@test.com,F,"La Salle",Pando,"Ingenieria de Sistemas",700,PayPal,REC-TEST-9000024,INF100,N001,9500018,Ana,Lopez,"Ingeniero Informatico",26,33,21,80,Aprobado
9000024,Laura,Rodriguez,Ramirez,laura.rodriguez.9000024@test.com,F,"La Salle",Pando,"Ingenieria de Sistemas",700,PayPal,REC-TEST-9000024,LIN100,N001,9500019,Jose,Fernandez,"Licenciado en Filologia",2,7,34,43,Reprobado
9000025,Carmen,Martinez,Fernandez,carmen.martinez.9000025@test.com,F,Marista,"Santa Cruz","Ingenieria Informatica",700,"Stripe (Tarjetas)",REC-TEST-9000025,MAT100,T001,9500012,Sofia,Lopez,"Licenciado en Matematicas",12,12,5,29,Reprobado
9000025,Carmen,Martinez,Fernandez,carmen.martinez.9000025@test.com,F,Marista,"Santa Cruz","Ingenieria Informatica",700,"Stripe (Tarjetas)",REC-TEST-9000025,FIS100,T001,9500013,Laura,Lopez,Fisico,29,7,27,63,Aprobado
9000025,Carmen,Martinez,Fernandez,carmen.martinez.9000025@test.com,F,Marista,"Santa Cruz","Ingenieria Informatica",700,"Stripe (Tarjetas)",REC-TEST-9000025,INF100,T001,9500014,Marta,Garcia,"Ingeniero Informatico",4,32,7,43,Reprobado
9000025,Carmen,Martinez,Fernandez,carmen.martinez.9000025@test.com,F,Marista,"Santa Cruz","Ingenieria Informatica",700,"Stripe (Tarjetas)",REC-TEST-9000025,LIN100,T001,9500015,Andres,Torres,"Licenciado en Filologia",26,26,18,70,Aprobado
9000026,Valeria,Gomez,Vargas,valeria.gomez.9000026@test.com,F,Evangelico,Cochabamba,"Ingenieria en Redes",700,"Stripe (Tarjetas)",REC-TEST-9000026,MAT100,T001,9500012,Sofia,Lopez,"Licenciado en Matematicas",11,30,2,43,Reprobado
9000026,Valeria,Gomez,Vargas,valeria.gomez.9000026@test.com,F,Evangelico,Cochabamba,"Ingenieria en Redes",700,"Stripe (Tarjetas)",REC-TEST-9000026,FIS100,T001,9500013,Laura,Lopez,Fisico,25,30,5,60,Aprobado
9000026,Valeria,Gomez,Vargas,valeria.gomez.9000026@test.com,F,Evangelico,Cochabamba,"Ingenieria en Redes",700,"Stripe (Tarjetas)",REC-TEST-9000026,INF100,T001,9500014,Marta,Garcia,"Ingeniero Informatico",9,25,11,45,Reprobado
9000026,Valeria,Gomez,Vargas,valeria.gomez.9000026@test.com,F,Evangelico,Cochabamba,"Ingenieria en Redes",700,"Stripe (Tarjetas)",REC-TEST-9000026,LIN100,T001,9500015,Andres,Torres,"Licenciado en Filologia",16,8,7,31,Reprobado
9000027,Gabriela,Garcia,Sanchez,gabriela.garcia.9000027@test.com,F,"Nacional Florida",Tarija,"Ingenieria Informatica",700,"Stripe (Tarjetas)",REC-TEST-9000027,MAT100,M002,9500004,Luis,Sanchez,"Licenciado en Matematicas",4,32,19,55,Reprobado
9000027,Gabriela,Garcia,Sanchez,gabriela.garcia.9000027@test.com,F,"Nacional Florida",Tarija,"Ingenieria Informatica",700,"Stripe (Tarjetas)",REC-TEST-9000027,FIS100,M002,9500005,Luis,Rodriguez,Fisico,6,15,2,23,Reprobado
9000027,Gabriela,Garcia,Sanchez,gabriela.garcia.9000027@test.com,F,"Nacional Florida",Tarija,"Ingenieria Informatica",700,"Stripe (Tarjetas)",REC-TEST-9000027,INF100,M002,9500006,Ricardo,Ramirez,"Ingeniero Informatico",32,25,29,86,Aprobado
9000027,Gabriela,Garcia,Sanchez,gabriela.garcia.9000027@test.com,F,"Nacional Florida",Tarija,"Ingenieria Informatica",700,"Stripe (Tarjetas)",REC-TEST-9000027,LIN100,M002,9500007,Pedro,Lopez,"Licenciado en Filologia",24,30,28,82,Aprobado
9000028,Maria,Torres,Torres,maria.torres.9000028@test.com,F,Uboldi,Beni,"Ingenieria de Sistemas",700,"Transferencia Bancaria",REC-TEST-9000028,MAT100,T001,9500012,Sofia,Lopez,"Licenciado en Matematicas",19,5,19,43,Reprobado
9000028,Maria,Torres,Torres,maria.torres.9000028@test.com,F,Uboldi,Beni,"Ingenieria de Sistemas",700,"Transferencia Bancaria",REC-TEST-9000028,FIS100,T001,9500013,Laura,Lopez,Fisico,2,12,25,39,Reprobado
9000028,Maria,Torres,Torres,maria.torres.9000028@test.com,F,Uboldi,Beni,"Ingenieria de Sistemas",700,"Transferencia Bancaria",REC-TEST-9000028,INF100,T001,9500014,Marta,Garcia,"Ingeniero Informatico",27,8,1,36,Reprobado
9000028,Maria,Torres,Torres,maria.torres.9000028@test.com,F,Uboldi,Beni,"Ingenieria de Sistemas",700,"Transferencia Bancaria",REC-TEST-9000028,LIN100,T001,9500015,Andres,Torres,"Licenciado en Filologia",18,11,22,51,Reprobado
9000029,Ricardo,Gomez,Garcia,ricardo.gomez.9000029@test.com,M,"Don Bosco",Cochabamba,"Ingenieria Informatica",700,"Stripe (Tarjetas)",REC-TEST-9000029,MAT100,T001,9500012,Sofia,Lopez,"Licenciado en Matematicas",10,9,24,43,Reprobado
9000029,Ricardo,Gomez,Garcia,ricardo.gomez.9000029@test.com,M,"Don Bosco",Cochabamba,"Ingenieria Informatica",700,"Stripe (Tarjetas)",REC-TEST-9000029,FIS100,T001,9500013,Laura,Lopez,Fisico,11,27,28,66,Aprobado
9000029,Ricardo,Gomez,Garcia,ricardo.gomez.9000029@test.com,M,"Don Bosco",Cochabamba,"Ingenieria Informatica",700,"Stripe (Tarjetas)",REC-TEST-9000029,INF100,T001,9500014,Marta,Garcia,"Ingeniero Informatico",23,4,32,59,Reprobado
9000029,Ricardo,Gomez,Garcia,ricardo.gomez.9000029@test.com,M,"Don Bosco",Cochabamba,"Ingenieria Informatica",700,"Stripe (Tarjetas)",REC-TEST-9000029,LIN100,T001,9500015,Andres,Torres,"Licenciado en Filologia",12,25,16,53,Reprobado
9000030,Fernando,Torres,Fernandez,fernando.torres.9000030@test.com,M,Espana,"La Paz","Ingenieria en Redes",700,PayPal,REC-TEST-9000030,MAT100,M003,9500008,Carmen,Rodriguez,"Licenciado en Matematicas",17,22,13,52,Reprobado
9000030,Fernando,Torres,Fernandez,fernando.torres.9000030@test.com,M,Espana,"La Paz","Ingenieria en Redes",700,PayPal,REC-TEST-9000030,FIS100,M003,9500009,Gabriela,Rodriguez,Fisico,18,21,14,53,Reprobado
9000030,Fernando,Torres,Fernandez,fernando.torres.9000030@test.com,M,Espana,"La Paz","Ingenieria en Redes",700,PayPal,REC-TEST-9000030,INF100,M003,9500010,Daniela,Gomez,"Ingeniero Informatico",16,28,28,72,Aprobado
9000030,Fernando,Torres,Fernandez,fernando.torres.9000030@test.com,M,Espana,"La Paz","Ingenieria en Redes",700,PayPal,REC-TEST-9000030,LIN100,M003,9500011,Ricardo,Sanchez,"Licenciado en Filologia",1,8,30,39,Reprobado
9000031,Jose,Torres,Rojas,jose.torres.9000031@test.com,M,"Nacional Florida",Potosi,"Ingenieria en Redes",700,"Stripe (Tarjetas)",REC-TEST-9000031,MAT100,N001,9500016,Gabriela,Lopez,"Licenciado en Matematicas",26,15,17,58,Reprobado
9000031,Jose,Torres,Rojas,jose.torres.9000031@test.com,M,"Nacional Florida",Potosi,"Ingenieria en Redes",700,"Stripe (Tarjetas)",REC-TEST-9000031,FIS100,N001,9500017,Valeria,Ramirez,Fisico,33,30,16,79,Aprobado
9000031,Jose,Torres,Rojas,jose.torres.9000031@test.com,M,"Nacional Florida",Potosi,"Ingenieria en Redes",700,"Stripe (Tarjetas)",REC-TEST-9000031,INF100,N001,9500018,Ana,Lopez,"Ingeniero Informatico",13,32,1,46,Reprobado
9000031,Jose,Torres,Rojas,jose.torres.9000031@test.com,M,"Nacional Florida",Potosi,"Ingenieria en Redes",700,"Stripe (Tarjetas)",REC-TEST-9000031,LIN100,N001,9500019,Jose,Fernandez,"Licenciado en Filologia",29,23,24,76,Aprobado
9000032,Maria,Rodriguez,Ramirez,maria.rodriguez.9000032@test.com,F,Marista,Cochabamba,"Ingenieria de Sistemas",700,"Stripe (Tarjetas)",REC-TEST-9000032,MAT100,M001,9500000,Marta,Gomez,"Licenciado en Matematicas",13,11,30,54,Reprobado
9000032,Maria,Rodriguez,Ramirez,maria.rodriguez.9000032@test.com,F,Marista,Cochabamba,"Ingenieria de Sistemas",700,"Stripe (Tarjetas)",REC-TEST-9000032,FIS100,M001,9500001,Ana,Rojas,Fisico,3,5,3,11,Reprobado
9000032,Maria,Rodriguez,Ramirez,maria.rodriguez.9000032@test.com,F,Marista,Cochabamba,"Ingenieria de Sistemas",700,"Stripe (Tarjetas)",REC-TEST-9000032,INF100,M001,9500002,Fernando,Perez,"Ingeniero Informatico",33,24,30,87,Aprobado
9000032,Maria,Rodriguez,Ramirez,maria.rodriguez.9000032@test.com,F,Marista,Cochabamba,"Ingenieria de Sistemas",700,"Stripe (Tarjetas)",REC-TEST-9000032,LIN100,M001,9500003,Daniela,Vargas,"Licenciado en Filologia",8,8,16,32,Reprobado
9000033,Andres,Martinez,Rojas,andres.martinez.9000033@test.com,M,"Nacional Florida",Pando,"Ingenieria Informatica",700,PayPal,REC-TEST-9000033,MAT100,T001,9500012,Sofia,Lopez,"Licenciado en Matematicas",4,24,7,35,Reprobado
9000033,Andres,Martinez,Rojas,andres.martinez.9000033@test.com,M,"Nacional Florida",Pando,"Ingenieria Informatica",700,PayPal,REC-TEST-9000033,FIS100,T001,9500013,Laura,Lopez,Fisico,2,16,11,29,Reprobado
9000033,Andres,Martinez,Rojas,andres.martinez.9000033@test.com,M,"Nacional Florida",Pando,"Ingenieria Informatica",700,PayPal,REC-TEST-9000033,INF100,T001,9500014,Marta,Garcia,"Ingeniero Informatico",29,9,31,69,Aprobado
9000033,Andres,Martinez,Rojas,andres.martinez.9000033@test.com,M,"Nacional Florida",Pando,"Ingenieria Informatica",700,PayPal,REC-TEST-9000033,LIN100,T001,9500015,Andres,Torres,"Licenciado en Filologia",16,17,20,53,Reprobado
9000034,Pedro,Martinez,Garcia,pedro.martinez.9000034@test.com,M,Evangelico,Tarija,"Ingenieria de Sistemas",700,"Transferencia Bancaria",REC-TEST-9000034,MAT100,N001,9500016,Gabriela,Lopez,"Licenciado en Matematicas",15,13,34,62,Aprobado
9000034,Pedro,Martinez,Garcia,pedro.martinez.9000034@test.com,M,Evangelico,Tarija,"Ingenieria de Sistemas",700,"Transferencia Bancaria",REC-TEST-9000034,FIS100,N001,9500017,Valeria,Ramirez,Fisico,24,20,1,45,Reprobado
9000034,Pedro,Martinez,Garcia,pedro.martinez.9000034@test.com,M,Evangelico,Tarija,"Ingenieria de Sistemas",700,"Transferencia Bancaria",REC-TEST-9000034,INF100,N001,9500018,Ana,Lopez,"Ingeniero Informatico",19,32,1,52,Reprobado
9000034,Pedro,Martinez,Garcia,pedro.martinez.9000034@test.com,M,Evangelico,Tarija,"Ingenieria de Sistemas",700,"Transferencia Bancaria",REC-TEST-9000034,LIN100,N001,9500019,Jose,Fernandez,"Licenciado en Filologia",23,28,2,53,Reprobado
9000035,Miguel,Garcia,Perez,miguel.garcia.9000035@test.com,M,"Don Bosco",Tarija,"Ingenieria Informatica",700,PayPal,REC-TEST-9000035,MAT100,N001,9500016,Gabriela,Lopez,"Licenciado en Matematicas",26,24,7,57,Reprobado
9000035,Miguel,Garcia,Perez,miguel.garcia.9000035@test.com,M,"Don Bosco",Tarija,"Ingenieria Informatica",700,PayPal,REC-TEST-9000035,FIS100,N001,9500017,Valeria,Ramirez,Fisico,30,26,28,84,Aprobado
9000035,Miguel,Garcia,Perez,miguel.garcia.9000035@test.com,M,"Don Bosco",Tarija,"Ingenieria Informatica",700,PayPal,REC-TEST-9000035,INF100,N001,9500018,Ana,Lopez,"Ingeniero Informatico",9,6,17,32,Reprobado
9000035,Miguel,Garcia,Perez,miguel.garcia.9000035@test.com,M,"Don Bosco",Tarija,"Ingenieria Informatica",700,PayPal,REC-TEST-9000035,LIN100,N001,9500019,Jose,Fernandez,"Licenciado en Filologia",10,3,19,32,Reprobado
9000036,Sofia,Ramirez,Perez,sofia.ramirez.9000036@test.com,F,"Domingo Savio","La Paz","Ingenieria de Sistemas",700,PayPal,REC-TEST-9000036,MAT100,T001,9500012,Sofia,Lopez,"Licenciado en Matematicas",11,31,21,63,Aprobado
9000036,Sofia,Ramirez,Perez,sofia.ramirez.9000036@test.com,F,"Domingo Savio","La Paz","Ingenieria de Sistemas",700,PayPal,REC-TEST-9000036,FIS100,T001,9500013,Laura,Lopez,Fisico,29,30,33,92,Aprobado
9000036,Sofia,Ramirez,Perez,sofia.ramirez.9000036@test.com,F,"Domingo Savio","La Paz","Ingenieria de Sistemas",700,PayPal,REC-TEST-9000036,INF100,T001,9500014,Marta,Garcia,"Ingeniero Informatico",30,6,1,37,Reprobado
9000036,Sofia,Ramirez,Perez,sofia.ramirez.9000036@test.com,F,"Domingo Savio","La Paz","Ingenieria de Sistemas",700,PayPal,REC-TEST-9000036,LIN100,T001,9500015,Andres,Torres,"Licenciado en Filologia",23,6,14,43,Reprobado
9000037,Pedro,Rodriguez,Rojas,pedro.rodriguez.9000037@test.com,M,"Nacional Florida",Pando,"Ingenieria en Redes",700,"Transferencia Bancaria",REC-TEST-9000037,MAT100,T001,9500012,Sofia,Lopez,"Licenciado en Matematicas",5,24,4,33,Reprobado
9000037,Pedro,Rodriguez,Rojas,pedro.rodriguez.9000037@test.com,M,"Nacional Florida",Pando,"Ingenieria en Redes",700,"Transferencia Bancaria",REC-TEST-9000037,FIS100,T001,9500013,Laura,Lopez,Fisico,29,2,33,64,Aprobado
9000037,Pedro,Rodriguez,Rojas,pedro.rodriguez.9000037@test.com,M,"Nacional Florida",Pando,"Ingenieria en Redes",700,"Transferencia Bancaria",REC-TEST-9000037,INF100,T001,9500014,Marta,Garcia,"Ingeniero Informatico",11,2,15,28,Reprobado
9000037,Pedro,Rodriguez,Rojas,pedro.rodriguez.9000037@test.com,M,"Nacional Florida",Pando,"Ingenieria en Redes",700,"Transferencia Bancaria",REC-TEST-9000037,LIN100,T001,9500015,Andres,Torres,"Licenciado en Filologia",19,30,6,55,Reprobado
9000038,Ana,Torres,Rodriguez,ana.torres.9000038@test.com,F,"Don Bosco",Beni,"Ingenieria en Redes",700,"Stripe (Tarjetas)",REC-TEST-9000038,MAT100,N001,9500016,Gabriela,Lopez,"Licenciado en Matematicas",0,29,6,35,Reprobado
9000038,Ana,Torres,Rodriguez,ana.torres.9000038@test.com,F,"Don Bosco",Beni,"Ingenieria en Redes",700,"Stripe (Tarjetas)",REC-TEST-9000038,FIS100,N001,9500017,Valeria,Ramirez,Fisico,12,28,7,47,Reprobado
9000038,Ana,Torres,Rodriguez,ana.torres.9000038@test.com,F,"Don Bosco",Beni,"Ingenieria en Redes",700,"Stripe (Tarjetas)",REC-TEST-9000038,INF100,N001,9500018,Ana,Lopez,"Ingeniero Informatico",21,15,32,68,Aprobado
9000038,Ana,Torres,Rodriguez,ana.torres.9000038@test.com,F,"Don Bosco",Beni,"Ingenieria en Redes",700,"Stripe (Tarjetas)",REC-TEST-9000038,LIN100,N001,9500019,Jose,Fernandez,"Licenciado en Filologia",22,22,18,62,Aprobado
9000039,Daniela,Gomez,Martinez,daniela.gomez.9000039@test.com,F,"Domingo Savio",Pando,"Ingenieria Informatica",700,"Stripe (Tarjetas)",REC-TEST-9000039,MAT100,N001,9500016,Gabriela,Lopez,"Licenciado en Matematicas",1,14,7,22,Reprobado
9000039,Daniela,Gomez,Martinez,daniela.gomez.9000039@test.com,F,"Domingo Savio",Pando,"Ingenieria Informatica",700,"Stripe (Tarjetas)",REC-TEST-9000039,FIS100,N001,9500017,Valeria,Ramirez,Fisico,13,10,3,26,Reprobado
9000039,Daniela,Gomez,Martinez,daniela.gomez.9000039@test.com,F,"Domingo Savio",Pando,"Ingenieria Informatica",700,"Stripe (Tarjetas)",REC-TEST-9000039,INF100,N001,9500018,Ana,Lopez,"Ingeniero Informatico",28,0,23,51,Reprobado
9000039,Daniela,Gomez,Martinez,daniela.gomez.9000039@test.com,F,"Domingo Savio",Pando,"Ingenieria Informatica",700,"Stripe (Tarjetas)",REC-TEST-9000039,LIN100,N001,9500019,Jose,Fernandez,"Licenciado en Filologia",4,19,17,40,Reprobado
9000040,Juan,Torres,Gomez,juan.torres.9000040@test.com,M,Evangelico,Sucre,"Ingenieria Informatica",700,"Stripe (Tarjetas)",REC-TEST-9000040,MAT100,T001,9500012,Sofia,Lopez,"Licenciado en Matematicas",12,22,11,45,Reprobado
9000040,Juan,Torres,Gomez,juan.torres.9000040@test.com,M,Evangelico,Sucre,"Ingenieria Informatica",700,"Stripe (Tarjetas)",REC-TEST-9000040,FIS100,T001,9500013,Laura,Lopez,Fisico,20,22,23,65,Aprobado
9000040,Juan,Torres,Gomez,juan.torres.9000040@test.com,M,Evangelico,Sucre,"Ingenieria Informatica",700,"Stripe (Tarjetas)",REC-TEST-9000040,INF100,T001,9500014,Marta,Garcia,"Ingeniero Informatico",28,16,34,78,Aprobado
9000040,Juan,Torres,Gomez,juan.torres.9000040@test.com,M,Evangelico,Sucre,"Ingenieria Informatica",700,"Stripe (Tarjetas)",REC-TEST-9000040,LIN100,T001,9500015,Andres,Torres,"Licenciado en Filologia",19,5,4,28,Reprobado
9000041,Carlos,Ramirez,Rodriguez,carlos.ramirez.9000041@test.com,M,"Nacional Florida","La Paz","Ingenieria de Sistemas",700,PayPal,REC-TEST-9000041,MAT100,M001,9500000,Marta,Gomez,"Licenciado en Matematicas",21,18,9,48,Reprobado
9000041,Carlos,Ramirez,Rodriguez,carlos.ramirez.9000041@test.com,M,"Nacional Florida","La Paz","Ingenieria de Sistemas",700,PayPal,REC-TEST-9000041,FIS100,M001,9500001,Ana,Rojas,Fisico,21,26,26,73,Aprobado
9000041,Carlos,Ramirez,Rodriguez,carlos.ramirez.9000041@test.com,M,"Nacional Florida","La Paz","Ingenieria de Sistemas",700,PayPal,REC-TEST-9000041,INF100,M001,9500002,Fernando,Perez,"Ingeniero Informatico",19,11,24,54,Reprobado
9000041,Carlos,Ramirez,Rodriguez,carlos.ramirez.9000041@test.com,M,"Nacional Florida","La Paz","Ingenieria de Sistemas",700,PayPal,REC-TEST-9000041,LIN100,M001,9500003,Daniela,Vargas,"Licenciado en Filologia",27,2,33,62,Aprobado
9000042,Andres,Vargas,Vargas,andres.vargas.9000042@test.com,M,Marista,Sucre,"Ingenieria Informatica",700,"Stripe (Tarjetas)",REC-TEST-9000042,MAT100,T001,9500012,Sofia,Lopez,"Licenciado en Matematicas",10,14,29,53,Reprobado
9000042,Andres,Vargas,Vargas,andres.vargas.9000042@test.com,M,Marista,Sucre,"Ingenieria Informatica",700,"Stripe (Tarjetas)",REC-TEST-9000042,FIS100,T001,9500013,Laura,Lopez,Fisico,20,10,10,40,Reprobado
9000042,Andres,Vargas,Vargas,andres.vargas.9000042@test.com,M,Marista,Sucre,"Ingenieria Informatica",700,"Stripe (Tarjetas)",REC-TEST-9000042,INF100,T001,9500014,Marta,Garcia,"Ingeniero Informatico",29,21,21,71,Aprobado
9000042,Andres,Vargas,Vargas,andres.vargas.9000042@test.com,M,Marista,Sucre,"Ingenieria Informatica",700,"Stripe (Tarjetas)",REC-TEST-9000042,LIN100,T001,9500015,Andres,Torres,"Licenciado en Filologia",1,1,0,2,Reprobado
9000043,Luis,Rodriguez,Perez,luis.rodriguez.9000043@test.com,M,Evangelico,Cochabamba,"Ingenieria de Sistemas",700,"Transferencia Bancaria",REC-TEST-9000043,MAT100,N001,9500016,Gabriela,Lopez,"Licenciado en Matematicas",6,5,26,37,Reprobado
9000043,Luis,Rodriguez,Perez,luis.rodriguez.9000043@test.com,M,Evangelico,Cochabamba,"Ingenieria de Sistemas",700,"Transferencia Bancaria",REC-TEST-9000043,FIS100,N001,9500017,Valeria,Ramirez,Fisico,21,32,28,81,Aprobado
9000043,Luis,Rodriguez,Perez,luis.rodriguez.9000043@test.com,M,Evangelico,Cochabamba,"Ingenieria de Sistemas",700,"Transferencia Bancaria",REC-TEST-9000043,INF100,N001,9500018,Ana,Lopez,"Ingeniero Informatico",27,30,34,91,Aprobado
9000043,Luis,Rodriguez,Perez,luis.rodriguez.9000043@test.com,M,Evangelico,Cochabamba,"Ingenieria de Sistemas",700,"Transferencia Bancaria",REC-TEST-9000043,LIN100,N001,9500019,Jose,Fernandez,"Licenciado en Filologia",3,11,20,34,Reprobado
9000044,Paula,Vargas,Garcia,paula.vargas.9000044@test.com,F,"Nacional Florida",Cochabamba,"Ingenieria en Redes",700,"Stripe (Tarjetas)",REC-TEST-9000044,MAT100,T001,9500012,Sofia,Lopez,"Licenciado en Matematicas",0,33,31,64,Aprobado
9000044,Paula,Vargas,Garcia,paula.vargas.9000044@test.com,F,"Nacional Florida",Cochabamba,"Ingenieria en Redes",700,"Stripe (Tarjetas)",REC-TEST-9000044,FIS100,T001,9500013,Laura,Lopez,Fisico,16,13,34,63,Aprobado
9000044,Paula,Vargas,Garcia,paula.vargas.9000044@test.com,F,"Nacional Florida",Cochabamba,"Ingenieria en Redes",700,"Stripe (Tarjetas)",REC-TEST-9000044,INF100,T001,9500014,Marta,Garcia,"Ingeniero Informatico",10,4,23,37,Reprobado
9000044,Paula,Vargas,Garcia,paula.vargas.9000044@test.com,F,"Nacional Florida",Cochabamba,"Ingenieria en Redes",700,"Stripe (Tarjetas)",REC-TEST-9000044,LIN100,T001,9500015,Andres,Torres,"Licenciado en Filologia",8,30,3,41,Reprobado
9000045,Carlos,Vargas,Martinez,carlos.vargas.9000045@test.com,M,"Don Bosco",Beni,"Ingenieria en Redes",700,"Transferencia Bancaria",REC-TEST-9000045,MAT100,M002,9500004,Luis,Sanchez,"Licenciado en Matematicas",31,31,11,73,Aprobado
9000045,Carlos,Vargas,Martinez,carlos.vargas.9000045@test.com,M,"Don Bosco",Beni,"Ingenieria en Redes",700,"Transferencia Bancaria",REC-TEST-9000045,FIS100,M002,9500005,Luis,Rodriguez,Fisico,31,6,10,47,Reprobado
9000045,Carlos,Vargas,Martinez,carlos.vargas.9000045@test.com,M,"Don Bosco",Beni,"Ingenieria en Redes",700,"Transferencia Bancaria",REC-TEST-9000045,INF100,M002,9500006,Ricardo,Ramirez,"Ingeniero Informatico",11,8,20,39,Reprobado
9000045,Carlos,Vargas,Martinez,carlos.vargas.9000045@test.com,M,"Don Bosco",Beni,"Ingenieria en Redes",700,"Transferencia Bancaria",REC-TEST-9000045,LIN100,M002,9500007,Pedro,Lopez,"Licenciado en Filologia",19,17,2,38,Reprobado
9000046,Valeria,Ramirez,Ramirez,valeria.ramirez.9000046@test.com,F,"Don Bosco",Cochabamba,"Ingenieria Informatica",700,"Transferencia Bancaria",REC-TEST-9000046,MAT100,M002,9500004,Luis,Sanchez,"Licenciado en Matematicas",8,19,15,42,Reprobado
9000046,Valeria,Ramirez,Ramirez,valeria.ramirez.9000046@test.com,F,"Don Bosco",Cochabamba,"Ingenieria Informatica",700,"Transferencia Bancaria",REC-TEST-9000046,FIS100,M002,9500005,Luis,Rodriguez,Fisico,4,18,34,56,Reprobado
9000046,Valeria,Ramirez,Ramirez,valeria.ramirez.9000046@test.com,F,"Don Bosco",Cochabamba,"Ingenieria Informatica",700,"Transferencia Bancaria",REC-TEST-9000046,INF100,M002,9500006,Ricardo,Ramirez,"Ingeniero Informatico",2,17,19,38,Reprobado
9000046,Valeria,Ramirez,Ramirez,valeria.ramirez.9000046@test.com,F,"Don Bosco",Cochabamba,"Ingenieria Informatica",700,"Transferencia Bancaria",REC-TEST-9000046,LIN100,M002,9500007,Pedro,Lopez,"Licenciado en Filologia",30,16,14,60,Aprobado
9000047,Valeria,Perez,Fernandez,valeria.perez.9000047@test.com,F,Marista,"La Paz","Ingenieria Informatica",700,PayPal,REC-TEST-9000047,MAT100,T001,9500012,Sofia,Lopez,"Licenciado en Matematicas",24,11,32,67,Aprobado
9000047,Valeria,Perez,Fernandez,valeria.perez.9000047@test.com,F,Marista,"La Paz","Ingenieria Informatica",700,PayPal,REC-TEST-9000047,FIS100,T001,9500013,Laura,Lopez,Fisico,7,1,19,27,Reprobado
9000047,Valeria,Perez,Fernandez,valeria.perez.9000047@test.com,F,Marista,"La Paz","Ingenieria Informatica",700,PayPal,REC-TEST-9000047,INF100,T001,9500014,Marta,Garcia,"Ingeniero Informatico",5,5,28,38,Reprobado
9000047,Valeria,Perez,Fernandez,valeria.perez.9000047@test.com,F,Marista,"La Paz","Ingenieria Informatica",700,PayPal,REC-TEST-9000047,LIN100,T001,9500015,Andres,Torres,"Licenciado en Filologia",27,4,21,52,Reprobado
9000048,Paula,Fernandez,Lopez,paula.fernandez.9000048@test.com,F,Espana,Potosi,"Ingenieria Informatica",700,PayPal,REC-TEST-9000048,MAT100,M003,9500008,Carmen,Rodriguez,"Licenciado en Matematicas",7,10,14,31,Reprobado
9000048,Paula,Fernandez,Lopez,paula.fernandez.9000048@test.com,F,Espana,Potosi,"Ingenieria Informatica",700,PayPal,REC-TEST-9000048,FIS100,M003,9500009,Gabriela,Rodriguez,Fisico,7,3,29,39,Reprobado
9000048,Paula,Fernandez,Lopez,paula.fernandez.9000048@test.com,F,Espana,Potosi,"Ingenieria Informatica",700,PayPal,REC-TEST-9000048,INF100,M003,9500010,Daniela,Gomez,"Ingeniero Informatico",26,8,13,47,Reprobado
9000048,Paula,Fernandez,Lopez,paula.fernandez.9000048@test.com,F,Espana,Potosi,"Ingenieria Informatica",700,PayPal,REC-TEST-9000048,LIN100,M003,9500011,Ricardo,Sanchez,"Licenciado en Filologia",20,28,18,66,Aprobado
9000049,Luis,Ramirez,Rojas,luis.ramirez.9000049@test.com,M,Evangelico,Beni,"Ingenieria en Redes",700,"Transferencia Bancaria",REC-TEST-9000049,MAT100,M001,9500000,Marta,Gomez,"Licenciado en Matematicas",1,13,3,17,Reprobado
9000049,Luis,Ramirez,Rojas,luis.ramirez.9000049@test.com,M,Evangelico,Beni,"Ingenieria en Redes",700,"Transferencia Bancaria",REC-TEST-9000049,FIS100,M001,9500001,Ana,Rojas,Fisico,20,15,33,68,Aprobado
9000049,Luis,Ramirez,Rojas,luis.ramirez.9000049@test.com,M,Evangelico,Beni,"Ingenieria en Redes",700,"Transferencia Bancaria",REC-TEST-9000049,INF100,M001,9500002,Fernando,Perez,"Ingeniero Informatico",9,16,4,29,Reprobado
9000049,Luis,Ramirez,Rojas,luis.ramirez.9000049@test.com,M,Evangelico,Beni,"Ingenieria en Redes",700,"Transferencia Bancaria",REC-TEST-9000049,LIN100,M001,9500003,Daniela,Vargas,"Licenciado en Filologia",26,9,21,56,Reprobado
9000050,Diego,Vargas,Sanchez,diego.vargas.9000050@test.com,M,Marista,Pando,"Ingenieria Informatica",700,PayPal,REC-TEST-9000050,MAT100,N001,9500016,Gabriela,Lopez,"Licenciado en Matematicas",25,13,5,43,Reprobado
9000050,Diego,Vargas,Sanchez,diego.vargas.9000050@test.com,M,Marista,Pando,"Ingenieria Informatica",700,PayPal,REC-TEST-9000050,FIS100,N001,9500017,Valeria,Ramirez,Fisico,2,17,15,34,Reprobado
9000050,Diego,Vargas,Sanchez,diego.vargas.9000050@test.com,M,Marista,Pando,"Ingenieria Informatica",700,PayPal,REC-TEST-9000050,INF100,N001,9500018,Ana,Lopez,"Ingeniero Informatico",18,18,28,64,Aprobado
9000050,Diego,Vargas,Sanchez,diego.vargas.9000050@test.com,M,Marista,Pando,"Ingenieria Informatica",700,PayPal,REC-TEST-9000050,LIN100,N001,9500019,Jose,Fernandez,"Licenciado en Filologia",0,26,0,26,Reprobado
9000051,Luis,Perez,Lopez,luis.perez.9000051@test.com,M,"Don Bosco",Pando,"Ingenieria Informatica",700,"Stripe (Tarjetas)",REC-TEST-9000051,MAT100,M001,9500000,Marta,Gomez,"Licenciado en Matematicas",29,14,1,44,Reprobado
9000051,Luis,Perez,Lopez,luis.perez.9000051@test.com,M,"Don Bosco",Pando,"Ingenieria Informatica",700,"Stripe (Tarjetas)",REC-TEST-9000051,FIS100,M001,9500001,Ana,Rojas,Fisico,17,3,34,54,Reprobado
9000051,Luis,Perez,Lopez,luis.perez.9000051@test.com,M,"Don Bosco",Pando,"Ingenieria Informatica",700,"Stripe (Tarjetas)",REC-TEST-9000051,INF100,M001,9500002,Fernando,Perez,"Ingeniero Informatico",25,1,1,27,Reprobado
9000051,Luis,Perez,Lopez,luis.perez.9000051@test.com,M,"Don Bosco",Pando,"Ingenieria Informatica",700,"Stripe (Tarjetas)",REC-TEST-9000051,LIN100,M001,9500003,Daniela,Vargas,"Licenciado en Filologia",26,9,3,38,Reprobado
9000052,Lucia,Vargas,Torres,lucia.vargas.9000052@test.com,F,"Don Bosco",Pando,"Ingenieria Informatica",700,"Stripe (Tarjetas)",REC-TEST-9000052,MAT100,T001,9500012,Sofia,Lopez,"Licenciado en Matematicas",20,19,26,65,Aprobado
9000052,Lucia,Vargas,Torres,lucia.vargas.9000052@test.com,F,"Don Bosco",Pando,"Ingenieria Informatica",700,"Stripe (Tarjetas)",REC-TEST-9000052,FIS100,T001,9500013,Laura,Lopez,Fisico,32,13,10,55,Reprobado
9000052,Lucia,Vargas,Torres,lucia.vargas.9000052@test.com,F,"Don Bosco",Pando,"Ingenieria Informatica",700,"Stripe (Tarjetas)",REC-TEST-9000052,INF100,T001,9500014,Marta,Garcia,"Ingeniero Informatico",8,28,8,44,Reprobado
9000052,Lucia,Vargas,Torres,lucia.vargas.9000052@test.com,F,"Don Bosco",Pando,"Ingenieria Informatica",700,"Stripe (Tarjetas)",REC-TEST-9000052,LIN100,T001,9500015,Andres,Torres,"Licenciado en Filologia",6,6,33,45,Reprobado
9000053,Elena,Perez,Lopez,elena.perez.9000053@test.com,F,"La Salle","La Paz","Ingenieria de Sistemas",700,"Stripe (Tarjetas)",REC-TEST-9000053,MAT100,N001,9500016,Gabriela,Lopez,"Licenciado en Matematicas",32,17,14,63,Aprobado
9000053,Elena,Perez,Lopez,elena.perez.9000053@test.com,F,"La Salle","La Paz","Ingenieria de Sistemas",700,"Stripe (Tarjetas)",REC-TEST-9000053,FIS100,N001,9500017,Valeria,Ramirez,Fisico,27,27,7,61,Aprobado
9000053,Elena,Perez,Lopez,elena.perez.9000053@test.com,F,"La Salle","La Paz","Ingenieria de Sistemas",700,"Stripe (Tarjetas)",REC-TEST-9000053,INF100,N001,9500018,Ana,Lopez,"Ingeniero Informatico",22,11,9,42,Reprobado
9000053,Elena,Perez,Lopez,elena.perez.9000053@test.com,F,"La Salle","La Paz","Ingenieria de Sistemas",700,"Stripe (Tarjetas)",REC-TEST-9000053,LIN100,N001,9500019,Jose,Fernandez,"Licenciado en Filologia",18,4,27,49,Reprobado
9000054,Jose,Lopez,Perez,jose.lopez.9000054@test.com,M,"La Salle",Beni,"Ingenieria Informatica",700,"Transferencia Bancaria",REC-TEST-9000054,MAT100,M003,9500008,Carmen,Rodriguez,"Licenciado en Matematicas",22,10,21,53,Reprobado
9000054,Jose,Lopez,Perez,jose.lopez.9000054@test.com,M,"La Salle",Beni,"Ingenieria Informatica",700,"Transferencia Bancaria",REC-TEST-9000054,FIS100,M003,9500009,Gabriela,Rodriguez,Fisico,27,31,27,85,Aprobado
9000054,Jose,Lopez,Perez,jose.lopez.9000054@test.com,M,"La Salle",Beni,"Ingenieria Informatica",700,"Transferencia Bancaria",REC-TEST-9000054,INF100,M003,9500010,Daniela,Gomez,"Ingeniero Informatico",30,18,28,76,Aprobado
9000054,Jose,Lopez,Perez,jose.lopez.9000054@test.com,M,"La Salle",Beni,"Ingenieria Informatica",700,"Transferencia Bancaria",REC-TEST-9000054,LIN100,M003,9500011,Ricardo,Sanchez,"Licenciado en Filologia",22,26,20,68,Aprobado
9000055,Ana,Perez,Ramirez,ana.perez.9000055@test.com,F,Uboldi,"Santa Cruz","Ingenieria de Sistemas",700,"Stripe (Tarjetas)",REC-TEST-9000055,MAT100,M002,9500004,Luis,Sanchez,"Licenciado en Matematicas",30,14,16,60,Aprobado
9000055,Ana,Perez,Ramirez,ana.perez.9000055@test.com,F,Uboldi,"Santa Cruz","Ingenieria de Sistemas",700,"Stripe (Tarjetas)",REC-TEST-9000055,FIS100,M002,9500005,Luis,Rodriguez,Fisico,23,15,9,47,Reprobado
9000055,Ana,Perez,Ramirez,ana.perez.9000055@test.com,F,Uboldi,"Santa Cruz","Ingenieria de Sistemas",700,"Stripe (Tarjetas)",REC-TEST-9000055,INF100,M002,9500006,Ricardo,Ramirez,"Ingeniero Informatico",33,23,7,63,Aprobado
9000055,Ana,Perez,Ramirez,ana.perez.9000055@test.com,F,Uboldi,"Santa Cruz","Ingenieria de Sistemas",700,"Stripe (Tarjetas)",REC-TEST-9000055,LIN100,M002,9500007,Pedro,Lopez,"Licenciado en Filologia",31,26,15,72,Aprobado
9000056,Carlos,Rojas,Perez,carlos.rojas.9000056@test.com,M,Uboldi,Potosi,"Ingenieria Informatica",700,PayPal,REC-TEST-9000056,MAT100,M003,9500008,Carmen,Rodriguez,"Licenciado en Matematicas",10,8,28,46,Reprobado
9000056,Carlos,Rojas,Perez,carlos.rojas.9000056@test.com,M,Uboldi,Potosi,"Ingenieria Informatica",700,PayPal,REC-TEST-9000056,FIS100,M003,9500009,Gabriela,Rodriguez,Fisico,14,10,16,40,Reprobado
9000056,Carlos,Rojas,Perez,carlos.rojas.9000056@test.com,M,Uboldi,Potosi,"Ingenieria Informatica",700,PayPal,REC-TEST-9000056,INF100,M003,9500010,Daniela,Gomez,"Ingeniero Informatico",20,4,5,29,Reprobado
9000056,Carlos,Rojas,Perez,carlos.rojas.9000056@test.com,M,Uboldi,Potosi,"Ingenieria Informatica",700,PayPal,REC-TEST-9000056,LIN100,M003,9500011,Ricardo,Sanchez,"Licenciado en Filologia",17,10,17,44,Reprobado
9000057,Valeria,Rodriguez,Ramirez,valeria.rodriguez.9000057@test.com,F,"Don Bosco",Tarija,"Ingenieria de Sistemas",700,"Transferencia Bancaria",REC-TEST-9000057,MAT100,T001,9500012,Sofia,Lopez,"Licenciado en Matematicas",19,29,1,49,Reprobado
9000057,Valeria,Rodriguez,Ramirez,valeria.rodriguez.9000057@test.com,F,"Don Bosco",Tarija,"Ingenieria de Sistemas",700,"Transferencia Bancaria",REC-TEST-9000057,FIS100,T001,9500013,Laura,Lopez,Fisico,15,24,24,63,Aprobado
9000057,Valeria,Rodriguez,Ramirez,valeria.rodriguez.9000057@test.com,F,"Don Bosco",Tarija,"Ingenieria de Sistemas",700,"Transferencia Bancaria",REC-TEST-9000057,INF100,T001,9500014,Marta,Garcia,"Ingeniero Informatico",25,29,6,60,Aprobado
9000057,Valeria,Rodriguez,Ramirez,valeria.rodriguez.9000057@test.com,F,"Don Bosco",Tarija,"Ingenieria de Sistemas",700,"Transferencia Bancaria",REC-TEST-9000057,LIN100,T001,9500015,Andres,Torres,"Licenciado en Filologia",25,25,32,82,Aprobado
9000058,Gabriela,Gomez,Garcia,gabriela.gomez.9000058@test.com,F,Uboldi,"Santa Cruz","Ingenieria de Sistemas",700,PayPal,REC-TEST-9000058,MAT100,M003,9500008,Carmen,Rodriguez,"Licenciado en Matematicas",11,15,12,38,Reprobado
9000058,Gabriela,Gomez,Garcia,gabriela.gomez.9000058@test.com,F,Uboldi,"Santa Cruz","Ingenieria de Sistemas",700,PayPal,REC-TEST-9000058,FIS100,M003,9500009,Gabriela,Rodriguez,Fisico,22,0,17,39,Reprobado
9000058,Gabriela,Gomez,Garcia,gabriela.gomez.9000058@test.com,F,Uboldi,"Santa Cruz","Ingenieria de Sistemas",700,PayPal,REC-TEST-9000058,INF100,M003,9500010,Daniela,Gomez,"Ingeniero Informatico",18,5,14,37,Reprobado
9000058,Gabriela,Gomez,Garcia,gabriela.gomez.9000058@test.com,F,Uboldi,"Santa Cruz","Ingenieria de Sistemas",700,PayPal,REC-TEST-9000058,LIN100,M003,9500011,Ricardo,Sanchez,"Licenciado en Filologia",12,33,20,65,Aprobado
9000059,Elena,Lopez,Ramirez,elena.lopez.9000059@test.com,F,Marista,Tarija,"Ingenieria en Redes",700,"Transferencia Bancaria",REC-TEST-9000059,MAT100,N001,9500016,Gabriela,Lopez,"Licenciado en Matematicas",13,16,8,37,Reprobado
9000059,Elena,Lopez,Ramirez,elena.lopez.9000059@test.com,F,Marista,Tarija,"Ingenieria en Redes",700,"Transferencia Bancaria",REC-TEST-9000059,FIS100,N001,9500017,Valeria,Ramirez,Fisico,10,5,6,21,Reprobado
9000059,Elena,Lopez,Ramirez,elena.lopez.9000059@test.com,F,Marista,Tarija,"Ingenieria en Redes",700,"Transferencia Bancaria",REC-TEST-9000059,INF100,N001,9500018,Ana,Lopez,"Ingeniero Informatico",19,28,11,58,Reprobado
9000059,Elena,Lopez,Ramirez,elena.lopez.9000059@test.com,F,Marista,Tarija,"Ingenieria en Redes",700,"Transferencia Bancaria",REC-TEST-9000059,LIN100,N001,9500019,Jose,Fernandez,"Licenciado en Filologia",22,14,31,67,Aprobado
9000060,Pedro,Vargas,Vargas,pedro.vargas.9000060@test.com,M,Evangelico,Oruro,"Ingenieria en Redes",700,"Stripe (Tarjetas)",REC-TEST-9000060,MAT100,M001,9500000,Marta,Gomez,"Licenciado en Matematicas",22,23,14,59,Reprobado
9000060,Pedro,Vargas,Vargas,pedro.vargas.9000060@test.com,M,Evangelico,Oruro,"Ingenieria en Redes",700,"Stripe (Tarjetas)",REC-TEST-9000060,FIS100,M001,9500001,Ana,Rojas,Fisico,1,22,7,30,Reprobado
9000060,Pedro,Vargas,Vargas,pedro.vargas.9000060@test.com,M,Evangelico,Oruro,"Ingenieria en Redes",700,"Stripe (Tarjetas)",REC-TEST-9000060,INF100,M001,9500002,Fernando,Perez,"Ingeniero Informatico",4,32,4,40,Reprobado
9000060,Pedro,Vargas,Vargas,pedro.vargas.9000060@test.com,M,Evangelico,Oruro,"Ingenieria en Redes",700,"Stripe (Tarjetas)",REC-TEST-9000060,LIN100,M001,9500003,Daniela,Vargas,"Licenciado en Filologia",14,20,13,47,Reprobado
9000061,Sofia,Gomez,Fernandez,sofia.gomez.9000061@test.com,F,Uboldi,Sucre,"Ingenieria de Sistemas",700,"Transferencia Bancaria",REC-TEST-9000061,MAT100,M001,9500000,Marta,Gomez,"Licenciado en Matematicas",2,4,10,16,Reprobado
9000061,Sofia,Gomez,Fernandez,sofia.gomez.9000061@test.com,F,Uboldi,Sucre,"Ingenieria de Sistemas",700,"Transferencia Bancaria",REC-TEST-9000061,FIS100,M001,9500001,Ana,Rojas,Fisico,25,26,22,73,Aprobado
9000061,Sofia,Gomez,Fernandez,sofia.gomez.9000061@test.com,F,Uboldi,Sucre,"Ingenieria de Sistemas",700,"Transferencia Bancaria",REC-TEST-9000061,INF100,M001,9500002,Fernando,Perez,"Ingeniero Informatico",2,28,2,32,Reprobado
9000061,Sofia,Gomez,Fernandez,sofia.gomez.9000061@test.com,F,Uboldi,Sucre,"Ingenieria de Sistemas",700,"Transferencia Bancaria",REC-TEST-9000061,LIN100,M001,9500003,Daniela,Vargas,"Licenciado en Filologia",6,3,29,38,Reprobado
9000062,Ricardo,Rojas,Torres,ricardo.rojas.9000062@test.com,M,"Nacional Florida",Beni,"Ingenieria en Redes",700,PayPal,REC-TEST-9000062,MAT100,N001,9500016,Gabriela,Lopez,"Licenciado en Matematicas",8,21,30,59,Reprobado
9000062,Ricardo,Rojas,Torres,ricardo.rojas.9000062@test.com,M,"Nacional Florida",Beni,"Ingenieria en Redes",700,PayPal,REC-TEST-9000062,FIS100,N001,9500017,Valeria,Ramirez,Fisico,1,0,22,23,Reprobado
9000062,Ricardo,Rojas,Torres,ricardo.rojas.9000062@test.com,M,"Nacional Florida",Beni,"Ingenieria en Redes",700,PayPal,REC-TEST-9000062,INF100,N001,9500018,Ana,Lopez,"Ingeniero Informatico",11,14,1,26,Reprobado
9000062,Ricardo,Rojas,Torres,ricardo.rojas.9000062@test.com,M,"Nacional Florida",Beni,"Ingenieria en Redes",700,PayPal,REC-TEST-9000062,LIN100,N001,9500019,Jose,Fernandez,"Licenciado en Filologia",8,13,8,29,Reprobado
9000063,Diego,Rodriguez,Ramirez,diego.rodriguez.9000063@test.com,M,"Domingo Savio",Potosi,"Ingenieria Informatica",700,"Transferencia Bancaria",REC-TEST-9000063,MAT100,M002,9500004,Luis,Sanchez,"Licenciado en Matematicas",15,4,2,21,Reprobado
9000063,Diego,Rodriguez,Ramirez,diego.rodriguez.9000063@test.com,M,"Domingo Savio",Potosi,"Ingenieria Informatica",700,"Transferencia Bancaria",REC-TEST-9000063,FIS100,M002,9500005,Luis,Rodriguez,Fisico,22,22,34,78,Aprobado
9000063,Diego,Rodriguez,Ramirez,diego.rodriguez.9000063@test.com,M,"Domingo Savio",Potosi,"Ingenieria Informatica",700,"Transferencia Bancaria",REC-TEST-9000063,INF100,M002,9500006,Ricardo,Ramirez,"Ingeniero Informatico",23,28,21,72,Aprobado
9000063,Diego,Rodriguez,Ramirez,diego.rodriguez.9000063@test.com,M,"Domingo Savio",Potosi,"Ingenieria Informatica",700,"Transferencia Bancaria",REC-TEST-9000063,LIN100,M002,9500007,Pedro,Lopez,"Licenciado en Filologia",31,28,9,68,Aprobado
9000064,Daniela,Gomez,Rodriguez,daniela.gomez.9000064@test.com,F,Espana,Sucre,"Ingenieria Informatica",700,"Transferencia Bancaria",REC-TEST-9000064,MAT100,M002,9500004,Luis,Sanchez,"Licenciado en Matematicas",20,17,5,42,Reprobado
9000064,Daniela,Gomez,Rodriguez,daniela.gomez.9000064@test.com,F,Espana,Sucre,"Ingenieria Informatica",700,"Transferencia Bancaria",REC-TEST-9000064,FIS100,M002,9500005,Luis,Rodriguez,Fisico,1,15,19,35,Reprobado
9000064,Daniela,Gomez,Rodriguez,daniela.gomez.9000064@test.com,F,Espana,Sucre,"Ingenieria Informatica",700,"Transferencia Bancaria",REC-TEST-9000064,INF100,M002,9500006,Ricardo,Ramirez,"Ingeniero Informatico",17,10,3,30,Reprobado
9000064,Daniela,Gomez,Rodriguez,daniela.gomez.9000064@test.com,F,Espana,Sucre,"Ingenieria Informatica",700,"Transferencia Bancaria",REC-TEST-9000064,LIN100,M002,9500007,Pedro,Lopez,"Licenciado en Filologia",6,4,21,31,Reprobado
9000065,Luis,Perez,Lopez,luis.perez.9000065@test.com,M,"Don Bosco",Cochabamba,"Ingenieria en Redes",700,"Stripe (Tarjetas)",REC-TEST-9000065,MAT100,M003,9500008,Carmen,Rodriguez,"Licenciado en Matematicas",23,27,17,67,Aprobado
9000065,Luis,Perez,Lopez,luis.perez.9000065@test.com,M,"Don Bosco",Cochabamba,"Ingenieria en Redes",700,"Stripe (Tarjetas)",REC-TEST-9000065,FIS100,M003,9500009,Gabriela,Rodriguez,Fisico,14,19,28,61,Aprobado
9000065,Luis,Perez,Lopez,luis.perez.9000065@test.com,M,"Don Bosco",Cochabamba,"Ingenieria en Redes",700,"Stripe (Tarjetas)",REC-TEST-9000065,INF100,M003,9500010,Daniela,Gomez,"Ingeniero Informatico",22,11,17,50,Reprobado
9000065,Luis,Perez,Lopez,luis.perez.9000065@test.com,M,"Don Bosco",Cochabamba,"Ingenieria en Redes",700,"Stripe (Tarjetas)",REC-TEST-9000065,LIN100,M003,9500011,Ricardo,Sanchez,"Licenciado en Filologia",8,29,21,58,Reprobado
9000066,Andres,Perez,Lopez,andres.perez.9000066@test.com,M,Espana,Potosi,"Ingenieria en Redes",700,"Stripe (Tarjetas)",REC-TEST-9000066,MAT100,M002,9500004,Luis,Sanchez,"Licenciado en Matematicas",0,21,25,46,Reprobado
9000066,Andres,Perez,Lopez,andres.perez.9000066@test.com,M,Espana,Potosi,"Ingenieria en Redes",700,"Stripe (Tarjetas)",REC-TEST-9000066,FIS100,M002,9500005,Luis,Rodriguez,Fisico,9,29,6,44,Reprobado
9000066,Andres,Perez,Lopez,andres.perez.9000066@test.com,M,Espana,Potosi,"Ingenieria en Redes",700,"Stripe (Tarjetas)",REC-TEST-9000066,INF100,M002,9500006,Ricardo,Ramirez,"Ingeniero Informatico",11,14,24,49,Reprobado
9000066,Andres,Perez,Lopez,andres.perez.9000066@test.com,M,Espana,Potosi,"Ingenieria en Redes",700,"Stripe (Tarjetas)",REC-TEST-9000066,LIN100,M002,9500007,Pedro,Lopez,"Licenciado en Filologia",1,5,16,22,Reprobado
9000067,Maria,Lopez,Fernandez,maria.lopez.9000067@test.com,F,"La Salle",Pando,"Ingenieria Informatica",700,"Transferencia Bancaria",REC-TEST-9000067,MAT100,N001,9500016,Gabriela,Lopez,"Licenciado en Matematicas",27,27,6,60,Aprobado
9000067,Maria,Lopez,Fernandez,maria.lopez.9000067@test.com,F,"La Salle",Pando,"Ingenieria Informatica",700,"Transferencia Bancaria",REC-TEST-9000067,FIS100,N001,9500017,Valeria,Ramirez,Fisico,7,8,30,45,Reprobado
9000067,Maria,Lopez,Fernandez,maria.lopez.9000067@test.com,F,"La Salle",Pando,"Ingenieria Informatica",700,"Transferencia Bancaria",REC-TEST-9000067,INF100,N001,9500018,Ana,Lopez,"Ingeniero Informatico",17,30,3,50,Reprobado
9000067,Maria,Lopez,Fernandez,maria.lopez.9000067@test.com,F,"La Salle",Pando,"Ingenieria Informatica",700,"Transferencia Bancaria",REC-TEST-9000067,LIN100,N001,9500019,Jose,Fernandez,"Licenciado en Filologia",0,2,25,27,Reprobado
9000068,Lucia,Garcia,Lopez,lucia.garcia.9000068@test.com,F,"Nacional Florida","La Paz","Ingenieria de Sistemas",700,PayPal,REC-TEST-9000068,MAT100,T001,9500012,Sofia,Lopez,"Licenciado en Matematicas",22,27,21,70,Aprobado
9000068,Lucia,Garcia,Lopez,lucia.garcia.9000068@test.com,F,"Nacional Florida","La Paz","Ingenieria de Sistemas",700,PayPal,REC-TEST-9000068,FIS100,T001,9500013,Laura,Lopez,Fisico,22,25,14,61,Aprobado
9000068,Lucia,Garcia,Lopez,lucia.garcia.9000068@test.com,F,"Nacional Florida","La Paz","Ingenieria de Sistemas",700,PayPal,REC-TEST-9000068,INF100,T001,9500014,Marta,Garcia,"Ingeniero Informatico",33,14,19,66,Aprobado
9000068,Lucia,Garcia,Lopez,lucia.garcia.9000068@test.com,F,"Nacional Florida","La Paz","Ingenieria de Sistemas",700,PayPal,REC-TEST-9000068,LIN100,T001,9500015,Andres,Torres,"Licenciado en Filologia",26,6,13,45,Reprobado
9000069,Lucia,Sanchez,Gomez,lucia.sanchez.9000069@test.com,F,"Domingo Savio","Santa Cruz","Ingenieria de Sistemas",700,"Transferencia Bancaria",REC-TEST-9000069,MAT100,T001,9500012,Sofia,Lopez,"Licenciado en Matematicas",18,12,4,34,Reprobado
9000069,Lucia,Sanchez,Gomez,lucia.sanchez.9000069@test.com,F,"Domingo Savio","Santa Cruz","Ingenieria de Sistemas",700,"Transferencia Bancaria",REC-TEST-9000069,FIS100,T001,9500013,Laura,Lopez,Fisico,15,3,33,51,Reprobado
9000069,Lucia,Sanchez,Gomez,lucia.sanchez.9000069@test.com,F,"Domingo Savio","Santa Cruz","Ingenieria de Sistemas",700,"Transferencia Bancaria",REC-TEST-9000069,INF100,T001,9500014,Marta,Garcia,"Ingeniero Informatico",16,33,4,53,Reprobado
9000069,Lucia,Sanchez,Gomez,lucia.sanchez.9000069@test.com,F,"Domingo Savio","Santa Cruz","Ingenieria de Sistemas",700,"Transferencia Bancaria",REC-TEST-9000069,LIN100,T001,9500015,Andres,Torres,"Licenciado en Filologia",13,24,25,62,Aprobado
9000070,Lucia,Torres,Rojas,lucia.torres.9000070@test.com,F,Espana,Beni,"Ingenieria Informatica",700,"Transferencia Bancaria",REC-TEST-9000070,MAT100,T001,9500012,Sofia,Lopez,"Licenciado en Matematicas",3,7,7,17,Reprobado
9000070,Lucia,Torres,Rojas,lucia.torres.9000070@test.com,F,Espana,Beni,"Ingenieria Informatica",700,"Transferencia Bancaria",REC-TEST-9000070,FIS100,T001,9500013,Laura,Lopez,Fisico,4,27,5,36,Reprobado
9000070,Lucia,Torres,Rojas,lucia.torres.9000070@test.com,F,Espana,Beni,"Ingenieria Informatica",700,"Transferencia Bancaria",REC-TEST-9000070,INF100,T001,9500014,Marta,Garcia,"Ingeniero Informatico",18,12,7,37,Reprobado
9000070,Lucia,Torres,Rojas,lucia.torres.9000070@test.com,F,Espana,Beni,"Ingenieria Informatica",700,"Transferencia Bancaria",REC-TEST-9000070,LIN100,T001,9500015,Andres,Torres,"Licenciado en Filologia",21,22,17,60,Aprobado
9000071,Ricardo,Gomez,Rojas,ricardo.gomez.9000071@test.com,M,"Nacional Florida",Cochabamba,"Ingenieria en Redes",700,"Stripe (Tarjetas)",REC-TEST-9000071,MAT100,M002,9500004,Luis,Sanchez,"Licenciado en Matematicas",15,12,0,27,Reprobado
9000071,Ricardo,Gomez,Rojas,ricardo.gomez.9000071@test.com,M,"Nacional Florida",Cochabamba,"Ingenieria en Redes",700,"Stripe (Tarjetas)",REC-TEST-9000071,FIS100,M002,9500005,Luis,Rodriguez,Fisico,1,19,31,51,Reprobado
9000071,Ricardo,Gomez,Rojas,ricardo.gomez.9000071@test.com,M,"Nacional Florida",Cochabamba,"Ingenieria en Redes",700,"Stripe (Tarjetas)",REC-TEST-9000071,INF100,M002,9500006,Ricardo,Ramirez,"Ingeniero Informatico",27,17,31,75,Aprobado
9000071,Ricardo,Gomez,Rojas,ricardo.gomez.9000071@test.com,M,"Nacional Florida",Cochabamba,"Ingenieria en Redes",700,"Stripe (Tarjetas)",REC-TEST-9000071,LIN100,M002,9500007,Pedro,Lopez,"Licenciado en Filologia",21,2,10,33,Reprobado
9000072,Luis,Vargas,Gomez,luis.vargas.9000072@test.com,M,"Don Bosco",Potosi,"Ingenieria de Sistemas",700,"Stripe (Tarjetas)",REC-TEST-9000072,MAT100,M001,9500000,Marta,Gomez,"Licenciado en Matematicas",32,30,25,87,Aprobado
9000072,Luis,Vargas,Gomez,luis.vargas.9000072@test.com,M,"Don Bosco",Potosi,"Ingenieria de Sistemas",700,"Stripe (Tarjetas)",REC-TEST-9000072,FIS100,M001,9500001,Ana,Rojas,Fisico,33,29,15,77,Aprobado
9000072,Luis,Vargas,Gomez,luis.vargas.9000072@test.com,M,"Don Bosco",Potosi,"Ingenieria de Sistemas",700,"Stripe (Tarjetas)",REC-TEST-9000072,INF100,M001,9500002,Fernando,Perez,"Ingeniero Informatico",20,13,21,54,Reprobado
9000072,Luis,Vargas,Gomez,luis.vargas.9000072@test.com,M,"Don Bosco",Potosi,"Ingenieria de Sistemas",700,"Stripe (Tarjetas)",REC-TEST-9000072,LIN100,M001,9500003,Daniela,Vargas,"Licenciado en Filologia",22,2,9,33,Reprobado
9000073,Juan,Garcia,Martinez,juan.garcia.9000073@test.com,M,Evangelico,"Santa Cruz","Ingenieria de Sistemas",700,"Transferencia Bancaria",REC-TEST-9000073,MAT100,M002,9500004,Luis,Sanchez,"Licenciado en Matematicas",13,29,19,61,Aprobado
9000073,Juan,Garcia,Martinez,juan.garcia.9000073@test.com,M,Evangelico,"Santa Cruz","Ingenieria de Sistemas",700,"Transferencia Bancaria",REC-TEST-9000073,FIS100,M002,9500005,Luis,Rodriguez,Fisico,27,19,28,74,Aprobado
9000073,Juan,Garcia,Martinez,juan.garcia.9000073@test.com,M,Evangelico,"Santa Cruz","Ingenieria de Sistemas",700,"Transferencia Bancaria",REC-TEST-9000073,INF100,M002,9500006,Ricardo,Ramirez,"Ingeniero Informatico",29,12,1,42,Reprobado
9000073,Juan,Garcia,Martinez,juan.garcia.9000073@test.com,M,Evangelico,"Santa Cruz","Ingenieria de Sistemas",700,"Transferencia Bancaria",REC-TEST-9000073,LIN100,M002,9500007,Pedro,Lopez,"Licenciado en Filologia",25,13,15,53,Reprobado
9000074,Sofia,Lopez,Fernandez,sofia.lopez.9000074@test.com,F,"Domingo Savio","La Paz","Ingenieria en Redes",700,"Stripe (Tarjetas)",REC-TEST-9000074,MAT100,M003,9500008,Carmen,Rodriguez,"Licenciado en Matematicas",2,1,32,35,Reprobado
9000074,Sofia,Lopez,Fernandez,sofia.lopez.9000074@test.com,F,"Domingo Savio","La Paz","Ingenieria en Redes",700,"Stripe (Tarjetas)",REC-TEST-9000074,FIS100,M003,9500009,Gabriela,Rodriguez,Fisico,8,10,4,22,Reprobado
9000074,Sofia,Lopez,Fernandez,sofia.lopez.9000074@test.com,F,"Domingo Savio","La Paz","Ingenieria en Redes",700,"Stripe (Tarjetas)",REC-TEST-9000074,INF100,M003,9500010,Daniela,Gomez,"Ingeniero Informatico",18,23,8,49,Reprobado
9000074,Sofia,Lopez,Fernandez,sofia.lopez.9000074@test.com,F,"Domingo Savio","La Paz","Ingenieria en Redes",700,"Stripe (Tarjetas)",REC-TEST-9000074,LIN100,M003,9500011,Ricardo,Sanchez,"Licenciado en Filologia",14,31,13,58,Reprobado
9000075,Laura,Sanchez,Fernandez,laura.sanchez.9000075@test.com,F,Marista,Sucre,"Ingenieria en Redes",700,"Stripe (Tarjetas)",REC-TEST-9000075,MAT100,M003,9500008,Carmen,Rodriguez,"Licenciado en Matematicas",22,12,15,49,Reprobado
9000075,Laura,Sanchez,Fernandez,laura.sanchez.9000075@test.com,F,Marista,Sucre,"Ingenieria en Redes",700,"Stripe (Tarjetas)",REC-TEST-9000075,FIS100,M003,9500009,Gabriela,Rodriguez,Fisico,12,6,4,22,Reprobado
9000075,Laura,Sanchez,Fernandez,laura.sanchez.9000075@test.com,F,Marista,Sucre,"Ingenieria en Redes",700,"Stripe (Tarjetas)",REC-TEST-9000075,INF100,M003,9500010,Daniela,Gomez,"Ingeniero Informatico",1,28,8,37,Reprobado
9000075,Laura,Sanchez,Fernandez,laura.sanchez.9000075@test.com,F,Marista,Sucre,"Ingenieria en Redes",700,"Stripe (Tarjetas)",REC-TEST-9000075,LIN100,M003,9500011,Ricardo,Sanchez,"Licenciado en Filologia",9,8,5,22,Reprobado
9000076,Elena,Martinez,Lopez,elena.martinez.9000076@test.com,F,Uboldi,"Santa Cruz","Ingenieria Informatica",700,PayPal,REC-TEST-9000076,MAT100,M003,9500008,Carmen,Rodriguez,"Licenciado en Matematicas",3,25,19,47,Reprobado
9000076,Elena,Martinez,Lopez,elena.martinez.9000076@test.com,F,Uboldi,"Santa Cruz","Ingenieria Informatica",700,PayPal,REC-TEST-9000076,FIS100,M003,9500009,Gabriela,Rodriguez,Fisico,7,3,30,40,Reprobado
9000076,Elena,Martinez,Lopez,elena.martinez.9000076@test.com,F,Uboldi,"Santa Cruz","Ingenieria Informatica",700,PayPal,REC-TEST-9000076,INF100,M003,9500010,Daniela,Gomez,"Ingeniero Informatico",23,31,7,61,Aprobado
9000076,Elena,Martinez,Lopez,elena.martinez.9000076@test.com,F,Uboldi,"Santa Cruz","Ingenieria Informatica",700,PayPal,REC-TEST-9000076,LIN100,M003,9500011,Ricardo,Sanchez,"Licenciado en Filologia",20,21,21,62,Aprobado
9000077,Andres,Ramirez,Torres,andres.ramirez.9000077@test.com,M,Marista,Oruro,"Ingenieria en Redes",700,"Transferencia Bancaria",REC-TEST-9000077,MAT100,N001,9500016,Gabriela,Lopez,"Licenciado en Matematicas",13,29,29,71,Aprobado
9000077,Andres,Ramirez,Torres,andres.ramirez.9000077@test.com,M,Marista,Oruro,"Ingenieria en Redes",700,"Transferencia Bancaria",REC-TEST-9000077,FIS100,N001,9500017,Valeria,Ramirez,Fisico,15,33,1,49,Reprobado
9000077,Andres,Ramirez,Torres,andres.ramirez.9000077@test.com,M,Marista,Oruro,"Ingenieria en Redes",700,"Transferencia Bancaria",REC-TEST-9000077,INF100,N001,9500018,Ana,Lopez,"Ingeniero Informatico",15,33,29,77,Aprobado
9000077,Andres,Ramirez,Torres,andres.ramirez.9000077@test.com,M,Marista,Oruro,"Ingenieria en Redes",700,"Transferencia Bancaria",REC-TEST-9000077,LIN100,N001,9500019,Jose,Fernandez,"Licenciado en Filologia",1,28,17,46,Reprobado
9000078,Valeria,Gomez,Rojas,valeria.gomez.9000078@test.com,F,Marista,Sucre,"Ingenieria Informatica",700,"Stripe (Tarjetas)",REC-TEST-9000078,MAT100,M003,9500008,Carmen,Rodriguez,"Licenciado en Matematicas",22,10,29,61,Aprobado
9000078,Valeria,Gomez,Rojas,valeria.gomez.9000078@test.com,F,Marista,Sucre,"Ingenieria Informatica",700,"Stripe (Tarjetas)",REC-TEST-9000078,FIS100,M003,9500009,Gabriela,Rodriguez,Fisico,27,26,26,79,Aprobado
9000078,Valeria,Gomez,Rojas,valeria.gomez.9000078@test.com,F,Marista,Sucre,"Ingenieria Informatica",700,"Stripe (Tarjetas)",REC-TEST-9000078,INF100,M003,9500010,Daniela,Gomez,"Ingeniero Informatico",30,32,2,64,Aprobado
9000078,Valeria,Gomez,Rojas,valeria.gomez.9000078@test.com,F,Marista,Sucre,"Ingenieria Informatica",700,"Stripe (Tarjetas)",REC-TEST-9000078,LIN100,M003,9500011,Ricardo,Sanchez,"Licenciado en Filologia",5,29,19,53,Reprobado
9000079,Sofia,Perez,Garcia,sofia.perez.9000079@test.com,F,Espana,Potosi,"Ingenieria Informatica",700,PayPal,REC-TEST-9000079,MAT100,T001,9500012,Sofia,Lopez,"Licenciado en Matematicas",2,32,25,59,Reprobado
9000079,Sofia,Perez,Garcia,sofia.perez.9000079@test.com,F,Espana,Potosi,"Ingenieria Informatica",700,PayPal,REC-TEST-9000079,FIS100,T001,9500013,Laura,Lopez,Fisico,13,22,21,56,Reprobado
9000079,Sofia,Perez,Garcia,sofia.perez.9000079@test.com,F,Espana,Potosi,"Ingenieria Informatica",700,PayPal,REC-TEST-9000079,INF100,T001,9500014,Marta,Garcia,"Ingeniero Informatico",20,11,19,50,Reprobado
9000079,Sofia,Perez,Garcia,sofia.perez.9000079@test.com,F,Espana,Potosi,"Ingenieria Informatica",700,PayPal,REC-TEST-9000079,LIN100,T001,9500015,Andres,Torres,"Licenciado en Filologia",33,7,24,64,Aprobado
9000080,Valeria,Rojas,Rojas,valeria.rojas.9000080@test.com,F,"Don Bosco",Cochabamba,"Ingenieria de Sistemas",700,"Stripe (Tarjetas)",REC-TEST-9000080,MAT100,M003,9500008,Carmen,Rodriguez,"Licenciado en Matematicas",10,30,14,54,Reprobado
9000080,Valeria,Rojas,Rojas,valeria.rojas.9000080@test.com,F,"Don Bosco",Cochabamba,"Ingenieria de Sistemas",700,"Stripe (Tarjetas)",REC-TEST-9000080,FIS100,M003,9500009,Gabriela,Rodriguez,Fisico,2,6,0,8,Reprobado
9000080,Valeria,Rojas,Rojas,valeria.rojas.9000080@test.com,F,"Don Bosco",Cochabamba,"Ingenieria de Sistemas",700,"Stripe (Tarjetas)",REC-TEST-9000080,INF100,M003,9500010,Daniela,Gomez,"Ingeniero Informatico",20,0,9,29,Reprobado
9000080,Valeria,Rojas,Rojas,valeria.rojas.9000080@test.com,F,"Don Bosco",Cochabamba,"Ingenieria de Sistemas",700,"Stripe (Tarjetas)",REC-TEST-9000080,LIN100,M003,9500011,Ricardo,Sanchez,"Licenciado en Filologia",1,29,11,41,Reprobado
9000081,Lucia,Rodriguez,Gomez,lucia.rodriguez.9000081@test.com,F,Espana,Sucre,"Ingenieria de Sistemas",700,"Stripe (Tarjetas)",REC-TEST-9000081,MAT100,T001,9500012,Sofia,Lopez,"Licenciado en Matematicas",22,25,6,53,Reprobado
9000081,Lucia,Rodriguez,Gomez,lucia.rodriguez.9000081@test.com,F,Espana,Sucre,"Ingenieria de Sistemas",700,"Stripe (Tarjetas)",REC-TEST-9000081,FIS100,T001,9500013,Laura,Lopez,Fisico,30,21,5,56,Reprobado
9000081,Lucia,Rodriguez,Gomez,lucia.rodriguez.9000081@test.com,F,Espana,Sucre,"Ingenieria de Sistemas",700,"Stripe (Tarjetas)",REC-TEST-9000081,INF100,T001,9500014,Marta,Garcia,"Ingeniero Informatico",12,30,0,42,Reprobado
9000081,Lucia,Rodriguez,Gomez,lucia.rodriguez.9000081@test.com,F,Espana,Sucre,"Ingenieria de Sistemas",700,"Stripe (Tarjetas)",REC-TEST-9000081,LIN100,T001,9500015,Andres,Torres,"Licenciado en Filologia",19,4,20,43,Reprobado
9000082,Gabriela,Sanchez,Rodriguez,gabriela.sanchez.9000082@test.com,F,"La Salle",Potosi,"Ingenieria de Sistemas",700,"Transferencia Bancaria",REC-TEST-9000082,MAT100,M002,9500004,Luis,Sanchez,"Licenciado en Matematicas",22,32,28,82,Aprobado
9000082,Gabriela,Sanchez,Rodriguez,gabriela.sanchez.9000082@test.com,F,"La Salle",Potosi,"Ingenieria de Sistemas",700,"Transferencia Bancaria",REC-TEST-9000082,FIS100,M002,9500005,Luis,Rodriguez,Fisico,9,31,2,42,Reprobado
9000082,Gabriela,Sanchez,Rodriguez,gabriela.sanchez.9000082@test.com,F,"La Salle",Potosi,"Ingenieria de Sistemas",700,"Transferencia Bancaria",REC-TEST-9000082,INF100,M002,9500006,Ricardo,Ramirez,"Ingeniero Informatico",13,13,12,38,Reprobado
9000082,Gabriela,Sanchez,Rodriguez,gabriela.sanchez.9000082@test.com,F,"La Salle",Potosi,"Ingenieria de Sistemas",700,"Transferencia Bancaria",REC-TEST-9000082,LIN100,M002,9500007,Pedro,Lopez,"Licenciado en Filologia",20,22,10,52,Reprobado
9000083,Ricardo,Torres,Fernandez,ricardo.torres.9000083@test.com,M,Marista,Beni,"Ingenieria de Sistemas",700,PayPal,REC-TEST-9000083,MAT100,M002,9500004,Luis,Sanchez,"Licenciado en Matematicas",3,7,11,21,Reprobado
9000083,Ricardo,Torres,Fernandez,ricardo.torres.9000083@test.com,M,Marista,Beni,"Ingenieria de Sistemas",700,PayPal,REC-TEST-9000083,FIS100,M002,9500005,Luis,Rodriguez,Fisico,3,15,19,37,Reprobado
9000083,Ricardo,Torres,Fernandez,ricardo.torres.9000083@test.com,M,Marista,Beni,"Ingenieria de Sistemas",700,PayPal,REC-TEST-9000083,INF100,M002,9500006,Ricardo,Ramirez,"Ingeniero Informatico",23,25,6,54,Reprobado
9000083,Ricardo,Torres,Fernandez,ricardo.torres.9000083@test.com,M,Marista,Beni,"Ingenieria de Sistemas",700,PayPal,REC-TEST-9000083,LIN100,M002,9500007,Pedro,Lopez,"Licenciado en Filologia",23,15,2,40,Reprobado
9000084,Ricardo,Torres,Martinez,ricardo.torres.9000084@test.com,M,"Domingo Savio",Potosi,"Ingenieria de Sistemas",700,PayPal,REC-TEST-9000084,MAT100,T001,9500012,Sofia,Lopez,"Licenciado en Matematicas",27,32,15,74,Aprobado
9000084,Ricardo,Torres,Martinez,ricardo.torres.9000084@test.com,M,"Domingo Savio",Potosi,"Ingenieria de Sistemas",700,PayPal,REC-TEST-9000084,FIS100,T001,9500013,Laura,Lopez,Fisico,15,0,30,45,Reprobado
9000084,Ricardo,Torres,Martinez,ricardo.torres.9000084@test.com,M,"Domingo Savio",Potosi,"Ingenieria de Sistemas",700,PayPal,REC-TEST-9000084,INF100,T001,9500014,Marta,Garcia,"Ingeniero Informatico",9,24,15,48,Reprobado
9000084,Ricardo,Torres,Martinez,ricardo.torres.9000084@test.com,M,"Domingo Savio",Potosi,"Ingenieria de Sistemas",700,PayPal,REC-TEST-9000084,LIN100,T001,9500015,Andres,Torres,"Licenciado en Filologia",4,31,6,41,Reprobado
9000085,Daniela,Gomez,Ramirez,daniela.gomez.9000085@test.com,F,Espana,Cochabamba,"Ingenieria de Sistemas",700,PayPal,REC-TEST-9000085,MAT100,M002,9500004,Luis,Sanchez,"Licenciado en Matematicas",20,0,16,36,Reprobado
9000085,Daniela,Gomez,Ramirez,daniela.gomez.9000085@test.com,F,Espana,Cochabamba,"Ingenieria de Sistemas",700,PayPal,REC-TEST-9000085,FIS100,M002,9500005,Luis,Rodriguez,Fisico,15,15,33,63,Aprobado
9000085,Daniela,Gomez,Ramirez,daniela.gomez.9000085@test.com,F,Espana,Cochabamba,"Ingenieria de Sistemas",700,PayPal,REC-TEST-9000085,INF100,M002,9500006,Ricardo,Ramirez,"Ingeniero Informatico",15,32,24,71,Aprobado
9000085,Daniela,Gomez,Ramirez,daniela.gomez.9000085@test.com,F,Espana,Cochabamba,"Ingenieria de Sistemas",700,PayPal,REC-TEST-9000085,LIN100,M002,9500007,Pedro,Lopez,"Licenciado en Filologia",1,4,31,36,Reprobado
9000086,Luis,Sanchez,Torres,luis.sanchez.9000086@test.com,M,"Nacional Florida",Sucre,"Ingenieria en Redes",700,"Transferencia Bancaria",REC-TEST-9000086,MAT100,M002,9500004,Luis,Sanchez,"Licenciado en Matematicas",13,13,19,45,Reprobado
9000086,Luis,Sanchez,Torres,luis.sanchez.9000086@test.com,M,"Nacional Florida",Sucre,"Ingenieria en Redes",700,"Transferencia Bancaria",REC-TEST-9000086,FIS100,M002,9500005,Luis,Rodriguez,Fisico,19,18,4,41,Reprobado
9000086,Luis,Sanchez,Torres,luis.sanchez.9000086@test.com,M,"Nacional Florida",Sucre,"Ingenieria en Redes",700,"Transferencia Bancaria",REC-TEST-9000086,INF100,M002,9500006,Ricardo,Ramirez,"Ingeniero Informatico",32,21,6,59,Reprobado
9000086,Luis,Sanchez,Torres,luis.sanchez.9000086@test.com,M,"Nacional Florida",Sucre,"Ingenieria en Redes",700,"Transferencia Bancaria",REC-TEST-9000086,LIN100,M002,9500007,Pedro,Lopez,"Licenciado en Filologia",27,21,21,69,Aprobado
9000087,Elena,Perez,Martinez,elena.perez.9000087@test.com,F,Evangelico,"Santa Cruz","Ingenieria de Sistemas",700,"Stripe (Tarjetas)",REC-TEST-9000087,MAT100,M002,9500004,Luis,Sanchez,"Licenciado en Matematicas",24,12,7,43,Reprobado
9000087,Elena,Perez,Martinez,elena.perez.9000087@test.com,F,Evangelico,"Santa Cruz","Ingenieria de Sistemas",700,"Stripe (Tarjetas)",REC-TEST-9000087,FIS100,M002,9500005,Luis,Rodriguez,Fisico,27,5,8,40,Reprobado
9000087,Elena,Perez,Martinez,elena.perez.9000087@test.com,F,Evangelico,"Santa Cruz","Ingenieria de Sistemas",700,"Stripe (Tarjetas)",REC-TEST-9000087,INF100,M002,9500006,Ricardo,Ramirez,"Ingeniero Informatico",1,7,12,20,Reprobado
9000087,Elena,Perez,Martinez,elena.perez.9000087@test.com,F,Evangelico,"Santa Cruz","Ingenieria de Sistemas",700,"Stripe (Tarjetas)",REC-TEST-9000087,LIN100,M002,9500007,Pedro,Lopez,"Licenciado en Filologia",13,10,33,56,Reprobado
9000088,Ricardo,Fernandez,Garcia,ricardo.fernandez.9000088@test.com,M,"La Salle",Beni,"Ingenieria en Redes",700,"Stripe (Tarjetas)",REC-TEST-9000088,MAT100,T001,9500012,Sofia,Lopez,"Licenciado en Matematicas",31,24,21,76,Aprobado
9000088,Ricardo,Fernandez,Garcia,ricardo.fernandez.9000088@test.com,M,"La Salle",Beni,"Ingenieria en Redes",700,"Stripe (Tarjetas)",REC-TEST-9000088,FIS100,T001,9500013,Laura,Lopez,Fisico,3,28,27,58,Reprobado
9000088,Ricardo,Fernandez,Garcia,ricardo.fernandez.9000088@test.com,M,"La Salle",Beni,"Ingenieria en Redes",700,"Stripe (Tarjetas)",REC-TEST-9000088,INF100,T001,9500014,Marta,Garcia,"Ingeniero Informatico",18,31,11,60,Aprobado
9000088,Ricardo,Fernandez,Garcia,ricardo.fernandez.9000088@test.com,M,"La Salle",Beni,"Ingenieria en Redes",700,"Stripe (Tarjetas)",REC-TEST-9000088,LIN100,T001,9500015,Andres,Torres,"Licenciado en Filologia",0,14,1,15,Reprobado
9000089,Maria,Garcia,Gomez,maria.garcia.9000089@test.com,F,Evangelico,Oruro,"Ingenieria de Sistemas",700,PayPal,REC-TEST-9000089,MAT100,M003,9500008,Carmen,Rodriguez,"Licenciado en Matematicas",23,20,12,55,Reprobado
9000089,Maria,Garcia,Gomez,maria.garcia.9000089@test.com,F,Evangelico,Oruro,"Ingenieria de Sistemas",700,PayPal,REC-TEST-9000089,FIS100,M003,9500009,Gabriela,Rodriguez,Fisico,5,14,25,44,Reprobado
9000089,Maria,Garcia,Gomez,maria.garcia.9000089@test.com,F,Evangelico,Oruro,"Ingenieria de Sistemas",700,PayPal,REC-TEST-9000089,INF100,M003,9500010,Daniela,Gomez,"Ingeniero Informatico",1,28,3,32,Reprobado
9000089,Maria,Garcia,Gomez,maria.garcia.9000089@test.com,F,Evangelico,Oruro,"Ingenieria de Sistemas",700,PayPal,REC-TEST-9000089,LIN100,M003,9500011,Ricardo,Sanchez,"Licenciado en Filologia",9,7,21,37,Reprobado
9000090,Miguel,Rodriguez,Vargas,miguel.rodriguez.9000090@test.com,M,"La Salle",Sucre,"Ingenieria en Redes",700,"Stripe (Tarjetas)",REC-TEST-9000090,MAT100,N001,9500016,Gabriela,Lopez,"Licenciado en Matematicas",12,33,5,50,Reprobado
9000090,Miguel,Rodriguez,Vargas,miguel.rodriguez.9000090@test.com,M,"La Salle",Sucre,"Ingenieria en Redes",700,"Stripe (Tarjetas)",REC-TEST-9000090,FIS100,N001,9500017,Valeria,Ramirez,Fisico,5,15,28,48,Reprobado
9000090,Miguel,Rodriguez,Vargas,miguel.rodriguez.9000090@test.com,M,"La Salle",Sucre,"Ingenieria en Redes",700,"Stripe (Tarjetas)",REC-TEST-9000090,INF100,N001,9500018,Ana,Lopez,"Ingeniero Informatico",5,13,5,23,Reprobado
9000090,Miguel,Rodriguez,Vargas,miguel.rodriguez.9000090@test.com,M,"La Salle",Sucre,"Ingenieria en Redes",700,"Stripe (Tarjetas)",REC-TEST-9000090,LIN100,N001,9500019,Jose,Fernandez,"Licenciado en Filologia",3,31,13,47,Reprobado
9000091,Diego,Rojas,Torres,diego.rojas.9000091@test.com,M,"Don Bosco",Oruro,"Ingenieria de Sistemas",700,PayPal,REC-TEST-9000091,MAT100,M002,9500004,Luis,Sanchez,"Licenciado en Matematicas",0,18,10,28,Reprobado
9000091,Diego,Rojas,Torres,diego.rojas.9000091@test.com,M,"Don Bosco",Oruro,"Ingenieria de Sistemas",700,PayPal,REC-TEST-9000091,FIS100,M002,9500005,Luis,Rodriguez,Fisico,11,8,17,36,Reprobado
9000091,Diego,Rojas,Torres,diego.rojas.9000091@test.com,M,"Don Bosco",Oruro,"Ingenieria de Sistemas",700,PayPal,REC-TEST-9000091,INF100,M002,9500006,Ricardo,Ramirez,"Ingeniero Informatico",7,3,1,11,Reprobado
9000091,Diego,Rojas,Torres,diego.rojas.9000091@test.com,M,"Don Bosco",Oruro,"Ingenieria de Sistemas",700,PayPal,REC-TEST-9000091,LIN100,M002,9500007,Pedro,Lopez,"Licenciado en Filologia",15,25,16,56,Reprobado
9000092,Juan,Gomez,Fernandez,juan.gomez.9000092@test.com,M,"Domingo Savio",Beni,"Ingenieria en Redes",700,"Stripe (Tarjetas)",REC-TEST-9000092,MAT100,M001,9500000,Marta,Gomez,"Licenciado en Matematicas",28,33,12,73,Aprobado
9000092,Juan,Gomez,Fernandez,juan.gomez.9000092@test.com,M,"Domingo Savio",Beni,"Ingenieria en Redes",700,"Stripe (Tarjetas)",REC-TEST-9000092,FIS100,M001,9500001,Ana,Rojas,Fisico,30,28,10,68,Aprobado
9000092,Juan,Gomez,Fernandez,juan.gomez.9000092@test.com,M,"Domingo Savio",Beni,"Ingenieria en Redes",700,"Stripe (Tarjetas)",REC-TEST-9000092,INF100,M001,9500002,Fernando,Perez,"Ingeniero Informatico",1,31,19,51,Reprobado
9000092,Juan,Gomez,Fernandez,juan.gomez.9000092@test.com,M,"Domingo Savio",Beni,"Ingenieria en Redes",700,"Stripe (Tarjetas)",REC-TEST-9000092,LIN100,M001,9500003,Daniela,Vargas,"Licenciado en Filologia",30,2,1,33,Reprobado
9000093,Elena,Fernandez,Rodriguez,elena.fernandez.9000093@test.com,F,Uboldi,"Santa Cruz","Ingenieria en Redes",700,PayPal,REC-TEST-9000093,MAT100,M001,9500000,Marta,Gomez,"Licenciado en Matematicas",15,1,4,20,Reprobado
9000093,Elena,Fernandez,Rodriguez,elena.fernandez.9000093@test.com,F,Uboldi,"Santa Cruz","Ingenieria en Redes",700,PayPal,REC-TEST-9000093,FIS100,M001,9500001,Ana,Rojas,Fisico,32,13,14,59,Reprobado
9000093,Elena,Fernandez,Rodriguez,elena.fernandez.9000093@test.com,F,Uboldi,"Santa Cruz","Ingenieria en Redes",700,PayPal,REC-TEST-9000093,INF100,M001,9500002,Fernando,Perez,"Ingeniero Informatico",9,31,30,70,Aprobado
9000093,Elena,Fernandez,Rodriguez,elena.fernandez.9000093@test.com,F,Uboldi,"Santa Cruz","Ingenieria en Redes",700,PayPal,REC-TEST-9000093,LIN100,M001,9500003,Daniela,Vargas,"Licenciado en Filologia",4,16,10,30,Reprobado
9000094,Lucia,Gomez,Rojas,lucia.gomez.9000094@test.com,F,"Domingo Savio",Pando,"Ingenieria en Redes",700,PayPal,REC-TEST-9000094,MAT100,M001,9500000,Marta,Gomez,"Licenciado en Matematicas",10,10,14,34,Reprobado
9000094,Lucia,Gomez,Rojas,lucia.gomez.9000094@test.com,F,"Domingo Savio",Pando,"Ingenieria en Redes",700,PayPal,REC-TEST-9000094,FIS100,M001,9500001,Ana,Rojas,Fisico,30,12,33,75,Aprobado
9000094,Lucia,Gomez,Rojas,lucia.gomez.9000094@test.com,F,"Domingo Savio",Pando,"Ingenieria en Redes",700,PayPal,REC-TEST-9000094,INF100,M001,9500002,Fernando,Perez,"Ingeniero Informatico",29,7,15,51,Reprobado
9000094,Lucia,Gomez,Rojas,lucia.gomez.9000094@test.com,F,"Domingo Savio",Pando,"Ingenieria en Redes",700,PayPal,REC-TEST-9000094,LIN100,M001,9500003,Daniela,Vargas,"Licenciado en Filologia",12,30,14,56,Reprobado
9000095,Laura,Garcia,Perez,laura.garcia.9000095@test.com,F,"Don Bosco",Pando,"Ingenieria de Sistemas",700,"Transferencia Bancaria",REC-TEST-9000095,MAT100,M003,9500008,Carmen,Rodriguez,"Licenciado en Matematicas",27,22,4,53,Reprobado
9000095,Laura,Garcia,Perez,laura.garcia.9000095@test.com,F,"Don Bosco",Pando,"Ingenieria de Sistemas",700,"Transferencia Bancaria",REC-TEST-9000095,FIS100,M003,9500009,Gabriela,Rodriguez,Fisico,23,30,22,75,Aprobado
9000095,Laura,Garcia,Perez,laura.garcia.9000095@test.com,F,"Don Bosco",Pando,"Ingenieria de Sistemas",700,"Transferencia Bancaria",REC-TEST-9000095,INF100,M003,9500010,Daniela,Gomez,"Ingeniero Informatico",23,18,31,72,Aprobado
9000095,Laura,Garcia,Perez,laura.garcia.9000095@test.com,F,"Don Bosco",Pando,"Ingenieria de Sistemas",700,"Transferencia Bancaria",REC-TEST-9000095,LIN100,M003,9500011,Ricardo,Sanchez,"Licenciado en Filologia",10,8,4,22,Reprobado
9000096,Jorge,Rojas,Torres,jorge.rojas.9000096@test.com,M,"Nacional Florida",Beni,"Ingenieria en Redes",700,PayPal,REC-TEST-9000096,MAT100,M001,9500000,Marta,Gomez,"Licenciado en Matematicas",25,26,5,56,Reprobado
9000096,Jorge,Rojas,Torres,jorge.rojas.9000096@test.com,M,"Nacional Florida",Beni,"Ingenieria en Redes",700,PayPal,REC-TEST-9000096,FIS100,M001,9500001,Ana,Rojas,Fisico,25,24,27,76,Aprobado
9000096,Jorge,Rojas,Torres,jorge.rojas.9000096@test.com,M,"Nacional Florida",Beni,"Ingenieria en Redes",700,PayPal,REC-TEST-9000096,INF100,M001,9500002,Fernando,Perez,"Ingeniero Informatico",23,29,3,55,Reprobado
9000096,Jorge,Rojas,Torres,jorge.rojas.9000096@test.com,M,"Nacional Florida",Beni,"Ingenieria en Redes",700,PayPal,REC-TEST-9000096,LIN100,M001,9500003,Daniela,Vargas,"Licenciado en Filologia",22,21,15,58,Reprobado
9000097,Elena,Ramirez,Sanchez,elena.ramirez.9000097@test.com,F,"Nacional Florida","La Paz","Ingenieria Informatica",700,"Transferencia Bancaria",REC-TEST-9000097,MAT100,M001,9500000,Marta,Gomez,"Licenciado en Matematicas",10,1,25,36,Reprobado
9000097,Elena,Ramirez,Sanchez,elena.ramirez.9000097@test.com,F,"Nacional Florida","La Paz","Ingenieria Informatica",700,"Transferencia Bancaria",REC-TEST-9000097,FIS100,M001,9500001,Ana,Rojas,Fisico,20,16,34,70,Aprobado
9000097,Elena,Ramirez,Sanchez,elena.ramirez.9000097@test.com,F,"Nacional Florida","La Paz","Ingenieria Informatica",700,"Transferencia Bancaria",REC-TEST-9000097,INF100,M001,9500002,Fernando,Perez,"Ingeniero Informatico",16,30,7,53,Reprobado
9000097,Elena,Ramirez,Sanchez,elena.ramirez.9000097@test.com,F,"Nacional Florida","La Paz","Ingenieria Informatica",700,"Transferencia Bancaria",REC-TEST-9000097,LIN100,M001,9500003,Daniela,Vargas,"Licenciado en Filologia",11,26,16,53,Reprobado
9000098,Gabriela,Gomez,Perez,gabriela.gomez.9000098@test.com,F,"La Salle","La Paz","Ingenieria Informatica",700,"Stripe (Tarjetas)",REC-TEST-9000098,MAT100,M003,9500008,Carmen,Rodriguez,"Licenciado en Matematicas",23,12,29,64,Aprobado
9000098,Gabriela,Gomez,Perez,gabriela.gomez.9000098@test.com,F,"La Salle","La Paz","Ingenieria Informatica",700,"Stripe (Tarjetas)",REC-TEST-9000098,FIS100,M003,9500009,Gabriela,Rodriguez,Fisico,26,2,6,34,Reprobado
9000098,Gabriela,Gomez,Perez,gabriela.gomez.9000098@test.com,F,"La Salle","La Paz","Ingenieria Informatica",700,"Stripe (Tarjetas)",REC-TEST-9000098,INF100,M003,9500010,Daniela,Gomez,"Ingeniero Informatico",31,5,21,57,Reprobado
9000098,Gabriela,Gomez,Perez,gabriela.gomez.9000098@test.com,F,"La Salle","La Paz","Ingenieria Informatica",700,"Stripe (Tarjetas)",REC-TEST-9000098,LIN100,M003,9500011,Ricardo,Sanchez,"Licenciado en Filologia",14,10,7,31,Reprobado
9000099,Fernando,Martinez,Rodriguez,fernando.martinez.9000099@test.com,M,Marista,Pando,"Ingenieria en Redes",700,"Transferencia Bancaria",REC-TEST-9000099,MAT100,M001,9500000,Marta,Gomez,"Licenciado en Matematicas",9,9,17,35,Reprobado
9000099,Fernando,Martinez,Rodriguez,fernando.martinez.9000099@test.com,M,Marista,Pando,"Ingenieria en Redes",700,"Transferencia Bancaria",REC-TEST-9000099,FIS100,M001,9500001,Ana,Rojas,Fisico,17,20,18,55,Reprobado
9000099,Fernando,Martinez,Rodriguez,fernando.martinez.9000099@test.com,M,Marista,Pando,"Ingenieria en Redes",700,"Transferencia Bancaria",REC-TEST-9000099,INF100,M001,9500002,Fernando,Perez,"Ingeniero Informatico",26,19,28,73,Aprobado
9000099,Fernando,Martinez,Rodriguez,fernando.martinez.9000099@test.com,M,Marista,Pando,"Ingenieria en Redes",700,"Transferencia Bancaria",REC-TEST-9000099,LIN100,M001,9500003,Daniela,Vargas,"Licenciado en Filologia",22,22,4,48,Reprobado
